,inventory_id,set_num,quantity
0,35,75911-1,1
1,35,75912-1,1
2,39,75048-1,1
3,39,75053-1,1
4,50,4515-1,1
5,50,4520-1,2
6,50,4531-1,1
7,71,7690-1,1
8,71,7691-1,1
9,71,7692-1,1
10,71,7693-1,1
11,71,7694-1,1
12,71,7695-1,1
13,71,7697-1,1
14,81,8451-1,1
15,81,8453-1,1
16,87,10233-1,1
17,87,88002-1,1
18,87,8870-1,1
19,87,8878-1,1
20,87,8879-1,1
21,87,8884-1,1
22,87,8887-1,1
23,104,4103-1,1
24,104,4782-1,1
25,122,7238-1,1
26,122,7890-1,1
27,122,7944-1,1
28,131,7634-1,1
29,131,7635-1,1
30,131,7684-1,1
31,251,3886-2,1
32,309,4515-1,7
33,309,4520-1,5
34,309,4531-1,3
35,311,8593-1,1
36,311,8596-1,1
37,398,71010-1,1
38,398,71010-10,1
39,398,71010-11,1
40,398,71010-12,1
41,398,71010-13,1
42,398,71010-14,1
43,398,71010-15,1
44,398,71010-16,1
45,398,71010-2,1
46,398,71010-3,1
47,398,71010-4,1
48,398,71010-5,1
49,398,71010-6,1
50,398,71010-7,1
51,398,71010-8,1
52,398,71010-9,1
53,473,8756-1,1
54,473,8762-1,1
55,500,9677-1,1
56,500,9678-1,1
57,500,9679-1,1
58,515,3741-1,1
59,515,3745-1,1
60,525,7121-1,1
61,525,7151-1,1
62,528,6604-1,1
63,528,6622-1,1
64,528,6633-1,1
65,561,4515-1,1
66,561,4520-1,2
67,580,3402-1,2
68,580,3403-1,1
69,580,3406-1,1
70,580,3408-1,1
71,580,3409-1,1
72,612,4500-1,1
73,612,4504-1,1
74,614,9441-1,1
75,614,9442-1,1
76,614,9591-1,1
77,695,8607-1,1
78,695,8611-1,1
79,695,8614-1,1
80,695,8616-1,1
81,695,8618-1,1
82,708,8560-1,1
83,708,8564-1,1
84,710,8602-1,1
85,710,8606-1,1
86,710,8614-1,1
87,710,8615-1,1
88,710,8616-1,1
89,758,6712-1,1
90,758,6716-1,1
91,758,6755-1,1
92,889,9490-1,1
93,889,9492-1,1
94,889,9496-1,1
95,908,7030-1,1
96,908,7031-1,1
97,908,7032-1,1
98,908,7033-1,1
99,908,7034-1,1
100,908,7035-1,1
101,909,1557-1,1
102,909,1558-1,1
103,916,76029-1,1
104,916,76030-1,1
105,916,76031-1,1
106,916,76032-1,1
107,916,76038-1,1
108,916,76041-1,1
109,920,9674-1,1
110,920,9675-1,1
111,920,9676-1,1
112,962,7990-1,1
113,962,7991-1,1
114,962,7993-1,1
115,973,8870-1,1
116,973,8878-1,1
117,973,8879-1,1
118,973,8882-1,1
119,973,8884-1,1
120,973,8887-1,1
121,994,4096-1,1
122,994,4100-1,1
123,1130,20203-1,1
124,1130,20204-1,1
125,1130,20205-1,1
126,1131,8762-1,1
127,1131,8763-1,1
128,1159,71000-1,1
129,1159,71000-10,1
130,1159,71000-11,1
131,1159,71000-12,1
132,1159,71000-13,1
133,1159,71000-14,1
134,1159,71000-15,1
135,1159,71000-16,1
136,1159,71000-2,1
137,1159,71000-3,1
138,1159,71000-4,1
139,1159,71000-5,1
140,1159,71000-6,1
141,1159,71000-7,1
142,1159,71000-8,1
143,1159,71000-9,1
144,1201,20206-1,1
145,1201,20207-1,1
146,1201,20208-1,1
147,1203,5928-1,1
148,1203,5938-1,1
149,1203,5988-1,1
150,1205,7239-1,1
151,1205,7733-1,1
152,1238,6800-1,1
153,1238,6818-1,1
154,1238,6836-1,1
155,1255,8621-1,1
156,1255,8622-1,1
157,1255,8623-1,1
158,1268,6837-1,1
159,1268,6905-1,1
160,1269,8615-1,1
161,1269,8617-1,1
162,1269,8619-1,1
163,1289,8593-1,1
164,1289,8596-1,1
165,1315,3740-1,1
166,1315,3746-1,1
167,1317,3740-1,1
168,1317,3742-1,1
169,1317,3745-1,1
170,1323,6239-1,1
171,1323,6240-1,1
172,1323,6241-1,1
173,1323,6242-1,1
174,1323,6243-1,1
175,1323,8396-1,1
176,1323,8397-1,1
177,1334,850842-1,1
178,1334,850849-1,1
179,1334,850850-1,1
180,1334,850851-1,1
181,1334,850949-1,1
182,1334,850950-1,1
183,1347,8202-1,2
184,1347,8213-1,1
185,1347,8226-1,1
186,1347,8248-1,1
187,1371,6611-1,1
188,1371,6623-1,1
189,1371,6624-1,1
190,1373,1294-1,1
191,1373,1295-1,1
192,1373,1296-1,1
193,1373,1297-1,1
194,1401,7235-1,1
195,1401,7236-1,1
196,1401,7238-1,1
197,1401,7241-1,1
198,1418,5613-1,1
199,1418,7239-1,1
200,1418,7241-1,1
201,1418,7906-1,1
202,1418,7942-1,1
203,1418,7944-1,1
204,1418,7945-1,1
205,1421,7869-1,1
206,1421,7913-1,1
207,1421,7914-1,1
208,1438,8148-1,1
209,1438,8149-1,1
210,1438,8150-1,1
211,1438,8151-1,1
212,1621,8573-1,1
213,1621,8574-1,1
214,1634,4709-1,1
215,1634,4729-1,1
216,1634,4730-1,1
217,1645,1958-1,1
218,1645,1959-1,1
219,1645,1969-1,1
220,1645,1970-1,1
221,1645,1971-1,1
222,1649,4436-1,1
223,1649,4437-1,1
224,1680,8358-1,1
225,1680,8359-1,1
226,1680,8360-1,1
227,1716,1517-1,1
228,1716,1518-1,1
229,1726,4200-1,1
230,1726,4201-1,1
231,1726,4202-1,1
232,1726,4203-1,1
233,1726,4204-1,1
234,1732,7213-1,1
235,1732,7241-1,1
236,1732,7942-1,1
237,1739,6807-1,1
238,1739,6822-1,1
239,1739,6823-1,1
240,1765,4600-1,1
241,1765,4604-1,1
242,1765,4606-1,1
243,1765,4609-1,1
244,1791,7418-1,1
245,1795,8560-1,1
246,1795,8561-1,1
247,1795,8562-1,1
248,1795,8563-1,1
249,1795,8564-1,1
250,1795,8565-1,1
251,1795,8569-1,2
252,1888,4886-1,1
253,1888,7280-1,1
254,1888,7281-1,1
255,1936,3350-1,1
256,1936,3351-1,1
257,1947,4679a-1,1
258,1947,4679b-1,1
259,1988,5099-1,1
260,1988,5107-1,1
261,1988,5108-1,1
262,1988,5109-1,1
263,1989,8827-1,1
264,1989,8827-10,1
265,1989,8827-11,1
266,1989,8827-12,1
267,1989,8827-13,1
268,1989,8827-14,1
269,1989,8827-15,1
270,1989,8827-16,1
271,1989,8827-2,1
272,1989,8827-3,1
273,1989,8827-4,1
274,1989,8827-5,1
275,1989,8827-6,1
276,1989,8827-7,1
277,1989,8827-8,1
278,1989,8827-9,1
279,2009,8354-1,1
280,2009,8355-1,1
281,2054,3741-1,1
282,2054,3742-1,1
283,2054,3743-1,1
284,2103,7895-1,3
285,2103,7896-1,3
286,2114,9700-1,1
287,2114,9750-1,1
288,2114,9767-1,1
289,2216,6016-1,1
290,2216,6041-1,1
291,2239,1374-1,1
292,2239,1376-1,1
293,2239,4850-1,1
294,2239,4851-1,1
295,2239,4852-1,1
296,2258,8916-1,1
297,2258,8917-1,1
298,2258,8918-1,1
299,2258,8919-1,1
300,2258,8920-1,1
301,2258,8921-1,1
302,2270,3740-1,1
303,2270,3742-1,1
304,2270,3744-1,1
305,2364,8130-1,1
306,2364,8131-1,1
307,2364,8132-1,1
308,2364,8133-1,1
309,2382,10127-1,2
310,2382,3544-1,1
311,2427,8587-1,1
312,2427,8588-1,1
313,2427,8589-1,1
314,2427,8590-1,1
315,2427,8591-1,1
316,2427,8592-1,1
317,2445,8512-1,1
318,2445,8514-1,1
319,2456,3800-1,1
320,2456,3801-1,1
321,2456,3804-1,1
322,2474,5816-1,1
323,2474,5817-1,1
324,2474,5818-1,1
325,2481,4853-1,1
326,2481,4857-1,1
327,2488,10131-1,1
328,2488,4502-1,1
329,2488,4504-1,1
330,2514,4443-1,1
331,2514,4444-1,1
332,2514,4445-1,1
333,2514,4446-1,1
334,2514,4447-1,1
335,2514,4448-1,1
336,2514,4449-1,1
337,2514,4450-1,1
338,2514,4451-1,1
339,2514,4452-1,1
340,2514,4453-1,1
341,2514,4454-1,1
342,2514,4455-1,1
343,2514,4456-1,1
344,2514,4457-1,1
345,2514,4458-1,1
346,2514,4459-1,1
347,2514,4460-1,1
348,2514,4461-1,1
349,2514,4462-1,1
350,2514,4463-1,1
351,2514,4464-1,1
352,2514,4465-1,1
353,2514,4466-1,1
354,2514,4467-1,1
355,2514,4468-1,1
356,2514,4469-1,1
357,2514,4470-1,1
358,2514,4471-1,1
359,2514,4472-1,1
360,2544,41548-1,1
361,2544,41549-1,1
362,2544,41550-1,1
363,2559,7235-2,1
364,2559,7236-2,1
365,2559,7245-2,1
366,2559,7741-1,1
367,2577,4695-1,1
368,2577,4755-1,1
369,2636,7009-1,1
370,2636,7029-1,1
371,2636,7090-1,1
372,2636,7091-1,1
373,2636,7092-1,1
374,2636,7093-1,1
375,2636,7094-1,1
376,2643,4208-1,1
377,2643,4209-1,1
378,2643,4427-1,1
379,2648,7741-1,1
380,2648,7743-1,1
381,2648,7744-1,1
382,2677,4512-1,1
383,2677,4514-1,1
384,2723,7245-2,1
385,2723,7741-1,1
386,2725,60041-1,1
387,2725,60042-1,1
388,2725,60046-1,1
389,2738,4511-1,1
390,2738,4513-1,1
391,2793,8585-1,1
392,2793,8586-1,1
393,2814,2995-1,1
394,2814,2996-1,1
395,2836,6604-1,1
396,2836,6621-1,1
397,2836,6630-1,1
398,2849,6325-1,1
399,2849,6328-1,1
400,2849,6422-1,1
401,2849,6486-1,1
402,2849,6564-1,1
403,2849,6565-1,1
404,2892,8984-1,1
405,2892,8985-1,1
406,2892,8986-1,1
407,2892,8987-1,1
408,2892,8988-1,1
409,2892,8989-1,1
410,2898,3070-1,1
411,2898,3071-1,1
412,2898,3072-1,1
413,2898,3073-1,1
414,2915,4705-1,1
415,2915,4709-1,1
416,2915,4730-1,1
417,2916,6801-1,1
418,2916,6822-1,1
419,2916,6823-1,1
420,2943,4484-1,1
421,2943,4485-1,1
422,2943,4486-1,1
423,2943,4487-1,1
424,2948,1431-1,1
425,2948,1432-1,1
426,2948,1433-1,1
427,2948,1434-1,1
428,2989,20201-1,1
429,2989,20202-1,1
430,3044,2065-1,1
431,3044,2067-1,1
432,3053,7242-1,1
433,3053,7246-1,1
434,3053,7248-1,1
435,3092,6008-1,1
436,3092,6027-1,1
437,3092,6037-1,1
438,3109,7238-1,1
439,3109,7239-1,1
440,3109,7240-1,1
441,3109,7241-1,1
442,3110,9497-1,1
443,3110,9500-1,1
444,3152,8509-1,1
445,3152,8511-1,1
446,3152,8512-1,1
447,3152,8513-1,1
448,3152,8514-1,1
449,3260,3740-1,1
450,3260,3744-1,1
451,3271,71007-1,1
452,3271,71007-10,1
453,3271,71007-11,1
454,3271,71007-12,1
455,3271,71007-13,1
456,3271,71007-14,1
457,3271,71007-15,1
458,3271,71007-16,1
459,3271,71007-2,1
460,3271,71007-3,1
461,3271,71007-4,1
462,3271,71007-5,1
463,3271,71007-6,1
464,3271,71007-7,1
465,3271,71007-8,1
466,3271,71007-9,1
467,3284,8562-1,1
468,3284,8564-1,1
469,3284,8565-1,1
470,3292,8573-1,1
471,3292,8574-1,1
472,3292,8575-1,1
473,3292,8576-1,1
474,3292,8577-1,1
475,3292,8578-1,1
476,3309,8831-0,60
477,3313,7242-1,1
478,3313,7243-1,1
479,3313,7248-1,1
480,3313,7249-1,1
481,3339,7245-2,1
482,3339,7732-1,1
483,3339,8401-1,1
484,3343,8601-1,1
485,3343,8603-1,1
486,3344,9461-1,1
487,3344,9462-1,1
488,3344,9463-1,1
489,3344,9464-1,1
490,3344,9466-1,1
491,3344,9467-1,1
492,3344,9468-1,1
493,3351,8909-1,1
494,3351,8909-2,1
495,3351,8909-3,1
496,3351,8909-4,1
497,3351,8909-5,1
498,3351,8909-6,1
499,3351,8909-7,1
500,3351,8909-8,1
501,3351,8909-9,1
502,3365,fruit1-1,1
503,3365,fruit2-1,1
504,3365,fruit3-1,1
505,3365,fruit4-1,1
506,3365,fruit5-1,1
507,3365,fruit6-1,1
508,3365,fruit7-1,1
509,3365,fruit8-1,1
510,3367,1413-1,1
511,3367,1414-1,1
512,3367,1415-1,1
513,3367,1416-1,1
514,3392,8909-0,60
515,3422,3404-1,1
516,3435,8672-1,1
517,3435,8673-1,1
518,3467,3340-1,1
519,3467,3341-1,1
520,3467,3342-1,1
521,3467,3343-1,1
522,3550,8381-1,1
523,3550,8382-1,1
524,3574,WEETABIX2-1,1
525,3574,WEETABIX3-1,1
526,3574,WEETABIX4-1,1
527,3586,8566-1,1
528,3586,8567-1,1
529,3586,8568-1,1
530,3586,8570-1,1
531,3586,8571-1,1
532,3586,8572-1,1
533,3621,70410-1,1
534,3621,70412-1,1
535,3690,7957-1,1
536,3690,7961-1,1
537,3691,9440-1,1
538,3691,9441-1,1
539,3691,9444-1,1
540,3694,3741-1,1
541,3694,3742-1,1
542,3694,3747-1,1
543,3699,8772-1,1
544,3699,8774-1,1
545,3705,3804-1,1
546,3705,9738-1,1
547,3705,9916-1,1
548,3748,2584-1,1
549,3755,1528-1,1
550,3755,1572-1,1
551,3764,7207-1,1
552,3764,7213-1,1
553,3764,7241-1,1
554,3764,7942-1,1
555,3792,7121-1,1
556,3792,7161-1,1
557,3941,75000-1,1
558,3941,75003-1,1
559,3941,75014-1,1
560,3963,8736-1,1
561,3963,8737-1,1
562,3963,8738-1,1
563,3963,8739-1,1
564,3963,8740-1,1
565,3963,8741-1,1
566,3989,8587-1,1
567,3989,8591-1,1
568,4041,41551-1,1
569,4041,41552-1,1
570,4041,41553-1,1
571,4083,7142-1,1
572,4083,7152-1,1
573,4133,8804-0,60
574,4187,7890-1,1
575,4187,7892-1,1
576,4187,7902-1,1
577,4187,7903-1,1
578,4261,7238-1,1
579,4261,7239-1,2
580,4261,7942-1,1
581,4261,7944-1,1
582,4261,7945-1,1
583,4288,60004-1,1
584,4288,850618-1,1
585,4365,4335-1,1
586,4365,4346-1,1
587,4365,4347-1,1
588,4365,4348-1,1
589,4365,4349-1,1
590,4394,1974-2,1
591,4394,1974-3,1
592,4394,1974-4,1
593,4430,7235-1,1
594,4430,7236-1,1
595,4430,7238-1,1
596,4430,7241-1,1
597,4467,6824-1,1
598,4467,886-1,1
599,4467,889-1,1
600,4536,1421-1,1
601,4536,1422-1,1
602,4536,1423-1,1
603,4536,1424-1,1
604,4553,8978-1,1
605,4553,8979-1,1
606,4553,8980-1,1
607,4553,8981-1,1
608,4553,8982-1,1
609,4553,8983-1,1
610,4570,4210-1,1
611,4570,7736-1,1
612,4570,7737-1,1
613,4570,7738-1,1
614,4577,8727-1,1
615,4577,8728-1,1
616,4643,6407-1,1
617,4643,6554-1,1
618,4643,6564-1,1
619,4666,71008-0,60
620,4718,10081-1,1
621,4718,10082-1,1
622,4718,10083-1,1
623,4719,6900-1,1
624,4721,4679a-2,1
625,4721,4679b-2,1
626,4739,2143-1,1
627,4739,2145-1,1
628,4771,7630-1,1
629,4771,7633-1,1
630,4771,7990-1,1
631,4806,3740-1,1
632,4806,3745-1,1
633,4832,8782-1,1
634,4832,8786-1,1
635,4863,5515-1,1
636,4863,5537-1,1
637,4874,8581-1,1
638,4874,8582-1,1
639,4874,8583-1,1
640,4874,8584-1,1
641,4874,8585-1,1
642,4874,8586-1,1
643,4918,8779-1,1
644,4941,75037-1,1
645,4941,75038-1,1
646,4941,75045-1,1
647,4948,8509-1,1
648,4948,8510-1,1
649,4969,7043-1,1
650,4969,7238-1,1
651,4969,7239-1,1
652,4969,7240-1,1
653,4969,7241-1,1
654,4971,41044-1,1
655,4971,41045-1,1
656,4971,41046-1,1
657,4987,8684-1,1
658,4987,8684-10,1
659,4987,8684-11,1
660,4987,8684-12,1
661,4987,8684-13,1
662,4987,8684-14,1
663,4987,8684-15,1
664,4987,8684-16,1
665,4987,8684-2,1
666,4987,8684-3,1
667,4987,8684-4,1
668,4987,8684-5,1
669,4987,8684-6,1
670,4987,8684-7,1
671,4987,8684-8,1
672,4987,8684-9,1
673,4993,6814-1,1
674,4993,6879-1,1
675,4993,6898-1,1
676,5039,7422-1,1
677,5039,7423-1,1
678,5039,7424-1,1
679,5093,6271-1,1
680,5097,1794-1,1
681,5097,1795-1,1
682,5110,5610-1,1
683,5110,5612-1,1
684,5110,5613-1,1
685,5110,7236-1,1
686,5110,7630-1,1
687,5110,7942-1,1
688,5114,7690-1,1
689,5114,7691-1,1
690,5114,7692-1,1
691,5114,7693-1,1
692,5114,7694-1,1
693,5114,7695-1,1
694,5114,7697-1,1
695,5114,7699-1,1
696,5133,71004-1,1
697,5133,71004-10,1
698,5133,71004-11,1
699,5133,71004-12,1
700,5133,71004-13,1
701,5133,71004-14,1
702,5133,71004-15,1
703,5133,71004-16,1
704,5133,71004-2,1
705,5133,71004-3,1
706,5133,71004-4,1
707,5133,71004-5,1
708,5133,71004-6,1
709,5133,71004-7,1
710,5133,71004-8,1
711,5133,71004-9,1
712,5137,8614-1,1
713,5137,8615-1,1
714,5137,8616-1,1
715,5137,8617-1,1
716,5137,8618-1,1
717,5137,8619-1,1
718,5183,8910-1,1
719,5183,8911-1,1
720,5183,8912-1,1
721,5183,8913-1,1
722,5183,8914-1,1
723,5183,8915-1,1
724,5195,3740-1,1
725,5195,3742-1,1
726,5195,3743-1,1
727,5217,2854-1,1
728,5217,8202-1,1
729,5248,8100-1,1
730,5248,8101-1,1
731,5248,8102-1,1
732,5248,8103-1,1
733,5248,8104-1,1
734,5248,8105-1,1
735,5358,10158-1,2
736,5358,4511-1,1
737,5358,4515-2,1
738,5366,71001-1,1
739,5366,71001-10,1
740,5366,71001-11,1
741,5366,71001-12,1
742,5366,71001-13,1
743,5366,71001-14,1
744,5366,71001-15,1
745,5366,71001-16,1
746,5366,71001-19,1
747,5366,71001-2,1
748,5366,71001-3,1
749,5366,71001-4,1
750,5366,71001-5,1
751,5366,71001-6,1
752,5366,71001-7,1
753,5366,71001-8,1
754,5366,71001-9,1
755,5386,8831-1,1
756,5386,8831-10,1
757,5386,8831-11,1
758,5386,8831-12,1
759,5386,8831-13,1
760,5386,8831-14,1
761,5386,8831-15,1
762,5386,8831-16,1
763,5386,8831-2,1
764,5386,8831-3,1
765,5386,8831-4,1
766,5386,8831-5,1
767,5386,8831-6,1
768,5386,8831-7,1
769,5386,8831-8,1
770,5386,8831-9,1
771,5404,7958-1,1
772,5432,7410-1,1
773,5432,7411-1,1
774,5432,7414-1,1
775,5432,7418-1,1
776,5491,4512-1,1
777,5491,4514-1,1
778,5491,4515-2,1
779,5491,4520-2,1
780,5500,7308-1,1
781,5500,7309-1,1
782,5500,7311-1,1
783,5553,8803-0,60
784,5554,8804-1,1
785,5554,8804-10,1
786,5554,8804-11,1
787,5554,8804-12,1
788,5554,8804-13,1
789,5554,8804-14,1
790,5554,8804-15,1
791,5554,8804-16,1
792,5554,8804-2,1
793,5554,8804-3,1
794,5554,8804-4,1
795,5554,8804-5,1
796,5554,8804-6,1
797,5554,8804-7,1
798,5554,8804-8,1
799,5554,8804-9,1
800,5595,3344-1,1
801,5595,3345-1,1
802,5595,3346-1,1
803,5600,75899-1,1
804,5600,75908-1,1
805,5600,75909-1,1
806,5600,75910-1,1
807,5645,8742-1,1
808,5645,8743-1,1
809,5645,8744-1,1
810,5645,8745-1,1
811,5645,8746-1,1
812,5645,8747-1,1
813,5675,1196-1,1
814,5675,1197-1,1
815,5675,1198-1,1
816,5675,1199-1,1
817,5740,8380-1,1
818,5740,8384-1,1
819,5839,5529-2,1
820,5839,5573-2,1
821,5855,7509-1,1
822,5857,7208-1,1
823,5857,7239-1,1
824,5857,7241-1,1
825,5857,7942-1,1
826,5904,3177-1,1
827,5904,3179-1,1
828,5904,8401-1,1
829,5904,8402-1,1
830,5955,10049-1,1
831,5955,10072-1,1
832,5955,10074-1,1
833,5955,10076-1,1
834,5955,3804-1,1
835,5955,5225-1,1
836,5955,9738-1,1
837,5955,9916-1,1
838,5970,8929-1,1
839,5970,8930-1,1
840,5970,8931-1,1
841,5970,8932-1,1
842,5990,8106-1,1
843,5990,8107-1,1
844,5990,8108-1,1
845,6034,7514-1,1
846,6050,10132-1,1
847,6050,4515-2,1
848,6050,4520-2,1
849,6066,4431-1,1
850,6066,4432-1,1
851,6066,4433-1,1
852,6066,4435-1,1
853,6093,1547-1,1
854,6093,1596-1,1
855,6093,1624-1,1
856,6117,8645-1,1
857,6117,8646-1,1
858,6181,8008-1,1
859,6181,8010-1,1
860,6194,8688-1,1
861,6194,8689-1,1
862,6194,8941-1,1
863,6194,8942-1,1
864,6205,7741-1,1
865,6205,7890-1,1
866,6205,7942-1,1
867,6241,9798-1,1
868,6241,9833-2,1
869,6253,1278-1,1
870,6253,1279-1,1
871,6253,1280-1,1
872,6253,1281-1,1
873,6276,8047-1,1
874,6276,8065-1,1
875,6276,8067-1,1
876,6276,8069-1,1
877,6282,7238-1,1
878,6282,7906-1,1
879,6282,7942-1,1
880,6282,7944-1,1
881,6282,7945-1,1
882,6296,7236-2,1
883,6296,7741-1,1
884,6296,7942-1,1
885,6319,2063-1,1
886,6319,2065-1,1
887,6319,2067-1,1
888,6319,2068-1,1
889,6319,2141-1,1
890,6319,2142-1,1
891,6330,4515-1,3
892,6330,4520-1,2
893,6330,4531-1,2
894,6331,8721-1,1
895,6331,8722-1,1
896,6331,8723-1,1
897,6331,8724-1,1
898,6331,8725-1,1
899,6331,8726-1,1
900,6336,851097-1,1
901,6336,8758-1,1
902,6371,4479-1,1
903,6371,7146-1,1
904,6416,20206-1,1
905,6416,20207-1,1
906,6416,20208-1,1
907,6423,8560-1,1
908,6423,8561-1,1
909,6423,8564-1,1
910,6424,8380-1,1
911,6424,8383-1,1
912,6424,8384-1,1
913,6424,8385-1,1
914,6426,8801-1,1
915,6426,8802-1,1
916,6447,8925-1,1
917,6447,8926-1,1
918,6447,8927-1,1
919,6453,3066-1,1
920,6453,3067-1,1
921,6453,3068-1,1
922,6453,3069-1,1
923,6486,8791-1,1
924,6486,8795-1,1
925,6514,7413-1,1
926,6514,7416-1,1
927,6514,7419-1,1
928,6514,7420-1,1
929,6530,4436-1,1
930,6530,4437-1,1
931,6530,4439-1,1
932,6530,4441-1,1
933,6544,4721-1,1
934,6544,4726-1,1
935,6544,4727-1,1
936,6544,4731-1,1
937,6544,4735-1,1
938,6544,626-1,2
939,6572,7115-1,1
940,6572,7124-1,1
941,6572,7141-1,1
942,6733,5612-1,1
943,6733,7245-1,1
944,6733,7741-1,1
945,6733,7743-1,1
946,6733,7744-1,1
947,6791,70168-1,1
948,6791,70170-1,1
949,6795,7913-1,1
950,6795,7914-1,1
951,6795,8085-1,1
952,6839,7235-2,1
953,6839,7245-2,1
954,6839,7743-1,1
955,6848,4169306a-1,1
956,6848,4169306b-1,1
957,6848,4169306c-1,1
958,6871,41527-1,1
959,6871,41528-1,1
960,6871,41529-1,1
961,6871,41530-1,1
962,6871,41531-1,1
963,6871,41532-1,1
964,6871,41533-1,1
965,6871,41534-1,1
966,6871,41535-1,1
967,6877,7313-1,1
968,6877,7314-1,1
969,6877,7315-1,1
970,6877,7317-1,1
971,6990,5859-1,1
972,6990,5861-1,1
973,6990,5862-1,1
974,7051,3390-1,1
975,7142,3409-1,1
976,7151,3177-1,1
977,7151,7241-1,1
978,7151,7634-1,1
979,7151,7638-1,1
980,7187,3535-1,1
981,7187,3536-1,1
982,7187,3538-1,1
983,7201,7508-1,1
984,7209,7153-1,1
985,7261,4701-1,1
986,7261,4702-1,1
987,7261,4704-1,1
988,7261,4705-1,1
989,7261,4706-1,1
990,7261,4709-1,1
991,7261,4711-1,1
992,7277,41530-1,1
993,7277,41531-1,1
994,7277,41532-1,1
995,7278,9614-1,12
996,7286,7422-1,1
997,7286,7423-1,1
998,7286,7424-1,1
999,7348,3061-1,1
1000,7348,3183-1,1
1001,7348,3934-1,1
1002,7348,3936-1,1
1003,7391,10194-1,1
1004,7391,8867-1,1
1005,7391,8870-1,1
1006,7391,8878-1,1
1007,7391,8879-1,1
1008,7391,8882-1,1
1009,7391,8884-1,1
1010,7391,8887-1,1
1011,7430,2155-1,1
1012,7430,2156-1,1
1013,7430,2157-1,1
1014,7430,2158-1,1
1015,7474,10000-1,1
1016,7474,10039-1,1
1017,7474,3739-1,1
1018,7478,8509-1,1
1019,7478,8510-1,1
1020,7482,4484-1,1
1021,7482,4485-1,1
1022,7482,4486-1,1
1023,7482,4487-1,1
1024,7487,3741-1,1
1025,7487,3742-1,1
1026,7487,3745-1,1
1027,7516,3741-1,1
1028,7516,3746-1,1
1029,7524,7200-1,1
1030,7524,7201-1,1
1031,7524,7203-1,1
1032,7524,7204-1,1
1033,7562,9496-1,1
1034,7562,9516-1,1
1035,7618,8102-1,1
1036,7618,8104-1,1
1037,7670,8601-1,1
1038,7670,8607-1,1
1039,7703,7000-1,1
1040,7703,7001-1,1
1041,7703,7002-1,1
1042,7703,7003-1,1
1043,7707,8587-1,1
1044,7707,8588-1,1
1045,7709,8560-1,1
1046,7709,8561-1,1
1047,7709,8563-1,1
1048,7743,6851-1,1
1049,7743,6861-2,1
1050,7743,6878-1,1
1051,7743,6887-1,1
1052,7745,3187-1,1
1053,7745,3934-1,1
1054,7745,3935-1,1
1055,7766,5620-1,1
1056,7766,7632-1,1
1057,7766,7746-1,1
1058,7766,7990-1,1
1059,7766,8401-1,1
1060,7774,6578-1,1
1061,7774,6586-1,1
1062,7805,70126-1,1
1063,7805,70128-1,1
1064,7805,70129-1,1
1065,7805,70130-1,1
1066,7805,70131-1,1
1067,7874,3431-1,1
1068,7902,1428-1,1
1069,7902,1429-1,1
1070,7902,1430-1,1
1071,7929,8684-0,60
1072,7933,3347-1,1
1073,7933,3348-1,1
1074,7933,3349-1,1
1075,7944,7279-1,1
1076,7944,7285-1,1
1077,7944,7286-1,1
1078,7944,7288-1,1
1079,7944,7741-1,1
1080,7971,1858-1,1
1081,7971,6829-1,1
1082,7971,6836-1,1
1083,8019,7075-1,1
1084,8019,7099-1,1
1085,8025,8563-1,1
1086,8025,8564-1,1
1087,8025,8565-1,1
1088,8071,5920-1,1
1089,8071,5934-1,1
1090,8071,5935-1,1
1091,8091,8603-1,1
1092,8091,8605-1,1
1093,8091,8613-1,1
1094,8159,79015-1,1
1095,8159,79016-1,1
1096,8159,79017-1,1
1097,8159,79018-1,1
1098,8202,10041-1,1
1099,8202,1252-1,1
1100,8202,1254-1,1
1101,8202,1255-1,1
1102,8216,4492-1,1
1103,8216,4494-1,1
1104,8216,7255-1,1
1105,8222,5573-2,1
1106,8222,5576-1,1
1107,8226,6290-1,1
1108,8226,6291-1,1
1109,8226,6292-1,1
1110,8285,4488-1,1
1111,8285,4489-1,1
1112,8285,4490-1,1
1113,8285,4491-1,1
1114,8312,8581-1,1
1115,8312,8582-1,1
1116,8331,8770-1,1
1117,8331,8771-1,1
1118,8334,9616-1,12
1119,8398,7235-2,1
1120,8398,7279-1,1
1121,8398,7285-1,1
1122,8398,7498-1,1
1123,8401,7749-1,1
1124,8401,8083-1,1
1125,8401,8084-1,1
1126,8425,1282-1,1
1127,8425,1283-1,1
1128,8425,1284-1,1
1129,8425,1285-1,1
1130,8440,1887-1,1
1131,8440,1888-1,1
1132,8440,1889-1,1
1133,8440,1890-1,1
1134,8465,8876-1,1
1135,8471,8607-1,1
1136,8471,8608-1,1
1137,8471,8609-1,1
1138,8471,8610-1,1
1139,8471,8611-1,1
1140,8471,8612-1,1
1141,8491,70000-1,1
1142,8491,70001-1,1
1143,8491,70003-1,1
1144,8501,8601-1,1
1145,8501,8604-1,1
1146,8501,8605-1,1
1147,8558,3741-1,1
1148,8558,3742-1,1
1149,8558,3744-1,1
1150,8585,8293-1,1
1151,8585,9392-1,1
1152,8585,9395-1,1
1153,8617,9610-1,12
1154,8646,4526-1,1
1155,8646,4527-1,1
1156,8646,4528-1,1
1157,8734,71009-1,1
1158,8734,71009-10,1
1159,8734,71009-11,1
1160,8734,71009-12,1
1161,8734,71009-13,1
1162,8734,71009-14,1
1163,8734,71009-15,1
1164,8734,71009-16,1
1165,8734,71009-2,1
1166,8734,71009-3,1
1167,8734,71009-4,1
1168,8734,71009-5,1
1169,8734,71009-6,1
1170,8734,71009-7,1
1171,8734,71009-8,1
1172,8734,71009-9,1
1173,8749,8511-1,1
1174,8749,8513-1,1
1175,8759,8014-1,1
1176,8759,8015-1,1
1177,8759,8091-1,1
1178,8782,71005-0,60
1179,8837,3740-1,1
1180,8837,3742-1,1
1181,8837,3746-1,1
1182,8871,8900-1,1
1183,8871,8902-1,1
1184,8871,8905-1,1
1185,8885,4346-1,1
1186,8885,4347-1,1
1187,8885,4348-1,1
1188,8885,4349-1,1
1189,8909,8587-1,1
1190,8909,8590-1,1
1191,8909,8591-1,1
1192,8918,1062-1,1
1193,8918,1064-1,1
1194,8950,6605-1,1
1195,8950,6621-1,1
1196,8950,6628-1,1
1197,8980,8772-1,1
1198,8980,8783-1,1
1199,8997,10173-1,1
1200,8997,4548-1,1
1201,9033,71008-1,1
1202,9033,71008-10,1
1203,9033,71008-11,1
1204,9033,71008-12,1
1205,9033,71008-13,1
1206,9033,71008-14,1
1207,9033,71008-15,1
1208,9033,71008-16,1
1209,9033,71008-2,1
1210,9033,71008-3,1
1211,9033,71008-4,1
1212,9033,71008-5,1
1213,9033,71008-6,1
1214,9033,71008-7,1
1215,9033,71008-8,1
1216,9033,71008-9,1
1217,9094,8566-1,1
1218,9094,8567-1,1
1219,9123,5856-1,1
1220,9123,5857-1,1
1221,9123,5858-1,1
1222,9132,1290-1,1
1223,9132,1291-1,1
1224,9132,1292-1,1
1225,9132,1293-1,1
1226,9149,7104-1,1
1227,9149,7144-1,1
1228,9178,7236-1,1
1229,9178,7238-1,1
1230,9178,7890-1,1
1231,9178,7944-1,1
1232,9210,6503-1,1
1233,9210,6643-1,1
1234,9253,9249-1,1
1235,9253,9251-1,1
1236,9283,9488-1,1
1237,9283,9489-1,1
1238,9283,9495-1,1
1239,9329,60000-1,1
1240,9329,60001-1,1
1241,9329,60002-1,1
1242,9381,8783-1,1
1243,9381,8786-1,1
1244,9386,41533-1,1
1245,9386,41534-1,1
1246,9386,41535-1,1
1247,9406,7499-1,1
1248,9406,7895-1,1
1249,9406,7937-1,1
1250,9406,7939-1,1
1251,9412,7103-1,1
1252,9412,7113-1,1
1253,9426,7638-1,1
1254,9426,7641-1,1
1255,9426,7642-1,1
1256,9426,7686-1,1
1257,9426,8402-1,1
1258,9443,7602-1,1
1259,9443,7604-1,1
1260,9443,7606-1,1
1261,9443,7609-1,1
1262,9443,7610-1,1
1263,9443,7871-1,1
1264,9443,7872-1,1
1265,9443,7873-1,1
1266,9443,7875-1,1
1267,9471,7124-1,1
1268,9471,7190-1,1
1269,9471,7200-1,1
1270,9502,7891-1,1
1271,9502,7894-1,1
1272,9502,7901-1,1
1273,9502,7903-1,1
1274,9540,3219-1,1
1275,9540,4492-1,1
1276,9540,4493-1,1
1277,9540,4494-1,1
1278,9540,4495-1,1
1279,9620,8587-1,1
1280,9620,8590-1,1
1281,9620,8591-1,1
1282,9624,71010-0,60
1283,9657,1843-2,1
1284,9657,1843-3,1
1285,9665,8206-1,1
1286,9665,8426-1,1
1287,9665,8487-1,1
1288,9678,8610-1,1
1289,9678,8612-1,1
1290,9678,8615-1,1
1291,9678,8617-1,1
1292,9678,8619-1,1
1293,9691,6282-1,1
1294,9691,6283-1,1
1295,9700,8709-1,1
1296,9700,8958-1,1
1297,9700,8959-1,1
1298,9708,6212-1,1
1299,9708,66254-1,1
1300,9709,2259-1,1
1301,9709,2260-1,1
1302,9709,2506-1,1
1303,9728,3740-1,1
1304,9728,3743-1,1
1305,9730,20203-1,1
1306,9730,20204-1,1
1307,9730,20205-1,1
1308,9749,5994-1,1
1309,9749,5999-1,1
1310,9750,10075-1,1
1311,9750,1374-1,1
1312,9750,1376-1,1
1313,9765,71004-0,60
1314,9820,20009-1,1
1315,9830,4097-1,1
1316,9830,4099-1,1
1317,9904,20004-1,1
1318,9905,8833-1,1
1319,9905,8833-10,1
1320,9905,8833-11,1
1321,9905,8833-12,1
1322,9905,8833-13,1
1323,9905,8833-14,1
1324,9905,8833-15,1
1325,9905,8833-16,1
1326,9905,8833-2,1
1327,9905,8833-3,1
1328,9905,8833-4,1
1329,9905,8833-5,1
1330,9905,8833-6,1
1331,9905,8833-7,1
1332,9905,8833-8,1
1333,9905,8833-9,1
1334,9925,3748-1,1
1335,9925,4548-1,1
1336,9925,5300-1,1
1337,9943,4865-1,1
1338,9943,4866-1,1
1339,9943,4867-1,1
1340,9955,4182-1,1
1341,9955,4183-1,1
1342,9960,71005-1,1
1343,9960,71005-10,1
1344,9960,71005-11,1
1345,9960,71005-12,1
1346,9960,71005-13,1
1347,9960,71005-14,1
1348,9960,71005-15,1
1349,9960,71005-16,1
1350,9960,71005-2,1
1351,9960,71005-3,1
1352,9960,71005-4,1
1353,9960,71005-5,1
1354,9960,71005-6,1
1355,9960,71005-7,1
1356,9960,71005-8,1
1357,9960,71005-9,1
1358,9991,9612-1,12
1359,10014,8511-1,1
1360,10014,8513-1,1
1361,10028,7235-2,1
1362,10028,7236-2,1
1363,10028,7741-1,1
1364,10028,7890-1,1
1365,10028,7942-1,1
1366,10028,7945-1,1
1367,10043,7242-1,1
1368,10043,7733-1,1
1369,10043,7990-1,1
1370,10043,7991-1,1
1371,10052,71001-0,60
1372,10089,4056-1,1
1373,10089,4057-1,1
1374,10089,4058-1,1
1375,10089,4059-1,1
1376,10089,4060-1,1
1377,10089,4061-1,1
1378,10089,4062-1,1
1379,10089,4063-1,1
1380,10089,4064-1,1
1381,10089,4065-1,1
1382,10089,4066-1,1
1383,10089,4067-1,1
1384,10089,4068-1,1
1385,10089,4069-1,1
1386,10089,4070-1,1
1387,10089,4071-1,1
1388,10089,4072-1,1
1389,10089,4073-1,1
1390,10089,4074-1,1
1391,10089,4075-1,1
1392,10089,4076-1,1
1393,10089,4077-1,1
1394,10089,4078-1,1
1395,10089,4079-1,1
1396,10158,10020-1,1
1397,10158,10022-1,1
1398,10158,10025-1,1
1399,10158,4515-1,1
1400,10158,4520-1,2
1401,10158,4548-1,1
1402,10180,7285-1,1
1403,10180,7741-1,1
1404,10227,1475-1,1
1405,10227,6526-1,1
1406,10227,6679-1,1
1407,10229,4695-1,1
1408,10229,4750-1,1
1409,10229,4751-1,1
1410,10235,7507-1,1
1411,10259,9471-1,1
1412,10259,9474-1,1
1413,10265,8512-1,1
1414,10265,8514-1,1
1415,10267,9615-1,1
1416,10267,9630-1,1
1417,10273,3302-1,1
1418,10273,3303-1,1
1419,10273,3305-1,2
1420,10273,3306-1,1
1421,10273,3317-1,2
1422,10318,4601-1,1
1423,10318,4605-1,1
1424,10318,4609-1,1
1425,10391,6336-1,1
1426,10391,6516-1,1
1427,10391,6614-1,1
1428,10405,7422-1,1
1429,10405,7423-1,1
1430,10405,7424-1,1
1431,10406,1740-1,1
1432,10406,1741-1,1
1433,10406,1742-1,1
1434,10421,5969-1,1
1435,10421,5970-1,1
1436,10421,5971-1,1
1437,10421,5972-1,1
1438,10421,5973-1,1
1439,10421,5974-1,1
1440,10421,8399-1,1
1441,10421,8400-1,1
1442,10435,7235-1,1
1443,10435,7245-1,1
1444,10435,7743-1,1
1445,10481,5836-1,1
1446,10481,5837-1,1
1447,10481,5838-1,1
1448,10481,5850-1,1
1449,10511,9686-1,1
1450,10515,2882-1,1
1451,10515,2884-1,1
1452,10515,2886-1,1
1453,10515,6407-1,1
1454,10561,9488-1,1
1455,10561,9489-1,1
1456,10645,7133-1,1
1457,10645,7143-1,1
1458,10645,7146-1,1
1459,10645,7153-1,1
1460,10656,7736-1,1
1461,10656,7737-1,1
1462,10656,7738-1,1
1463,10676,7913-1,1
1464,10676,7914-1,1
1465,10676,7957-1,1
1466,10690,8580-1,2
1467,10779,8614-1,1
1468,10779,8615-1,1
1469,10790,3731-1,2
1470,10795,5370a-1,1
1471,10795,5370b-1,1
1472,10799,10176-1,1
1473,10799,F6316-1,1
1474,10806,8200-1,1
1475,10806,8201-1,1
1476,10806,8206-1,1
1477,10837,1498-1,1
1478,10837,1499-1,1
1479,10850,8588-1,1
1480,10850,8589-1,1
1481,10850,8592-1,1
1482,10921,4612-1,1
1483,10921,4613-1,1
1484,10921,4614-1,1
1485,10976,9798-1,1
1486,10976,9833-1,1
1487,10993,1875-1,1
1488,10993,1876-1,1
1489,10993,1877-1,1
1490,10995,1380-1,1
1491,10995,1381-1,1
1492,10995,1382-1,1
1493,10995,1383-1,1
1494,10997,5529-1,1
1495,10997,6131-1,1
1496,11043,8593-1,1
1497,11043,8596-1,1
1498,11050,7009-1,1
1499,11050,7090-1,1
1500,11050,7091-1,1
1501,11050,7092-1,1
1502,11050,7093-1,1
1503,11050,7094-1,1
1504,11053,70409-1,1
1505,11053,70411-1,1
1506,11075,9628-1,1
1507,11075,9632-1,1
1508,11115,4192-1,1
1509,11115,4193-1,1
1510,11116,8683-1,1
1511,11116,8683-10,1
1512,11116,8683-11,1
1513,11116,8683-12,1
1514,11116,8683-13,1
1515,11116,8683-14,1
1516,11116,8683-15,1
1517,11116,8683-16,1
1518,11116,8683-2,1
1519,11116,8683-3,1
1520,11116,8683-4,1
1521,11116,8683-5,1
1522,11116,8683-6,1
1523,11116,8683-7,1
1524,11116,8683-8,1
1525,11116,8683-9,1
1526,11143,71000-0,60
1527,11175,1702-1,1
1528,11175,1704-1,1
1529,11190,71002-1,1
1530,11190,71002-10,1
1531,11190,71002-11,1
1532,11190,71002-12,1
1533,11190,71002-13,1
1534,11190,71002-14,1
1535,11190,71002-15,1
1536,11190,71002-16,1
1537,11190,71002-2,1
1538,11190,71002-3,1
1539,11190,71002-4,1
1540,11190,71002-5,1
1541,11190,71002-6,1
1542,11190,71002-7,1
1543,11190,71002-8,1
1544,11190,71002-9,1
1545,11194,8799-1,1
1546,11194,8800-1,1
1547,11253,4915-1,1
1548,11253,4916-1,1
1549,11253,4917-1,1
1550,11253,4918-1,1
1551,11269,8511-1,1
1552,11269,8512-1,1
1553,11269,8514-1,1
1554,11304,7467-1,1
1555,11304,7470-1,1
1556,11304,7471-1,1
1557,11325,3741-1,1
1558,11325,3742-1,1
1559,11325,3746-1,1
1560,11344,4481-1,1
1561,11344,4482-1,1
1562,11344,7163-1,1
1563,11380,8805-1,1
1564,11380,8805-10,1
1565,11380,8805-11,1
1566,11380,8805-12,1
1567,11380,8805-13,1
1568,11380,8805-14,1
1569,11380,8805-15,1
1570,11380,8805-16,1
1571,11380,8805-2,1
1572,11380,8805-3,1
1573,11380,8805-4,1
1574,11380,8805-5,1
1575,11380,8805-6,1
1576,11380,8805-7,1
1577,11380,8805-8,1
1578,11380,8805-9,1
1579,11384,3741-1,1
1580,11384,3744-1,1
1581,11418,1417-2,1
1582,11436,8362-1,1
1583,11436,8389-1,1
1584,11476,8531-1,1
1585,11476,8532-1,1
1586,11476,8533-1,1
1587,11476,8534-1,1
1588,11476,8535-1,1
1589,11476,8536-1,1
1590,11476,8540-1,1
1591,11476,8541-1,1
1592,11476,8542-1,1
1593,11491,7235-2,1
1594,11491,7279-1,1
1595,11491,7286-1,1
1596,11491,7741-1,1
1597,11550,8944-1,1
1598,11550,8945-1,1
1599,11550,8946-1,1
1600,11550,8947-1,1
1601,11550,8948-1,1
1602,11550,8949-1,1
1603,11551,8755-1,1
1604,11551,8756-1,1
1605,11551,8761-1,1
1606,11554,6966-1,1
1607,11554,7252-1,1
1608,11554,7259-1,1
1609,11605,8049-1,1
1610,11605,8259-1,1
1611,11605,8260-1,1
1612,11605,8293-1,1
1613,11608,4051-1,1
1614,11608,4052-1,1
1615,11608,4053-1,1
1616,11759,60050-1,1
1617,11759,60052-1,1
1618,11759,7499-1,1
1619,11759,7895-1,1
1620,11767,6825-1,1
1621,11767,6847-1,1
1622,11767,6848-2,1
1623,11784,71009-0,60
1624,11786,7877-1,1
1625,11786,7913-1,1
1626,11786,7929-1,1
1627,11855,7770-1,1
1628,11855,7771-1,1
1629,11855,7772-1,1
1630,11855,7773-1,1
1631,11855,7774-1,1
1632,11855,7775-1,1
1633,11855,7776-1,1
1634,11861,7238-1,1
1635,11861,7239-1,1
1636,11861,7240-1,1
1637,11861,7241-1,1
1638,11879,7101-1,1
1639,11879,7111-1,1
1640,11879,7131-1,1
1641,11935,7630-1,1
1642,11935,7631-1,1
1643,11935,7633-1,1
1644,11935,7685-1,1
1645,11966,344-1,1
1646,11966,346-2,1
1647,11966,347-1,1
1648,11966,603-3,1
1649,12000,2878-1,1
1650,12068,8509-1,1
1651,12068,8510-1,1
1652,12068,8513-1,1
1653,12110,7235-2,1
1654,12110,7236-2,1
1655,12110,7741-1,1
1656,12110,7744-1,1
1657,12113,8588-1,1
1658,12113,8589-1,1
1659,12113,8592-1,1
1660,12121,10068-1,1
1661,12121,10069-1,1
1662,12121,10070-1,1
1663,12121,10079-1,1
1664,12121,10080-1,1
1665,12137,1286-1,1
1666,12137,1287-1,1
1667,12137,1288-1,1
1668,12137,1289-1,1
1669,12146,1088-1,1
1670,12146,1098-1,1
1671,12146,6572-1,1
1672,12193,4582-1,1
1673,12193,4584-1,1
1674,12222,75028-1,1
1675,12222,75029-1,1
1676,12222,75030-1,1
1677,12273,3740-1,1
1678,12273,3747-1,1
1679,12307,7667-1,1
1680,12307,7668-1,1
1681,12307,8017-1,1
1682,12322,41545-1,1
1683,12322,41546-1,1
1684,12322,41547-1,1
1685,12344,8833-0,60
1686,12346,8370-1,1
1687,12346,8371-1,1
1688,12437,8803-1,1
1689,12437,8803-10,1
1690,12437,8803-11,1
1691,12437,8803-12,1
1692,12437,8803-13,1
1693,12437,8803-14,1
1694,12437,8803-15,1
1695,12437,8803-16,1
1696,12437,8803-2,1
1697,12437,8803-3,1
1698,12437,8803-4,1
1699,12437,8803-5,1
1700,12437,8803-6,1
1701,12437,8803-7,1
1702,12437,8803-8,1
1703,12437,8803-9,1
1704,12445,8956-1,1
1705,12445,8957-1,1
1706,12445,8958-1,1
1707,12445,8959-1,1
1708,12445,8960-1,1
1709,12445,8961-1,1
1710,12465,1871-1,1
1711,12465,1872-1,1
1712,12465,1873-1,1
1713,12590,5573-1,1
1714,12590,5576-1,1
1715,12669,7111-1,1
1716,12669,7121-1,1
1717,12692,9847-1,1
1718,12748,75031-1,1
1719,12748,75032-1,1
1720,12748,75033-1,1
1721,12759,7101-1,1
1722,12759,7111-1,1
1723,12759,7171-1,1
1724,12789,2585-1,1
1725,12813,75015-1,1
1726,12813,75035-1,1
1727,12813,75043-1,1
1728,12830,8784-1,1
1729,12830,8785-1,1
1730,12836,4108-1,1
1731,12836,4109-1,2
1732,12836,4110-1,1
1733,12836,4111-1,1
1734,12856,1417-1,1
1735,12856,1418-1,1
1736,12856,1419-1,1
1737,12856,1420-1,1
1738,12907,6719-1,1
1739,12907,6720-1,1
1740,12907,6721-1,1
1741,12907,6722-1,1
1742,12955,7130-1,1
1743,12955,7150-1,1
1744,12999,3302-1,1
1745,12999,3303-1,1
1746,12999,3304-1,2
1747,12999,3305-1,2
1748,12999,3306-1,1
1749,13073,6762-1,1
1750,13073,6763-1,1
1751,13073,6764-1,1
1752,13083,10020-1,2
1753,13083,10022-1,3
1754,13083,10025-1,2
1755,13141,8733-1,1
1756,13141,8734-1,1
1757,13141,8764-1,1
1758,13153,3741-1,1
1759,13153,3747-1,1
1760,13224,20004-1,1
1761,13238,8560-1,1
1762,13238,8561-1,1
1763,13238,8562-1,1
1764,13254,8259-1,1
1765,13254,8290-1,1
1766,13254,8293-1,1
1767,13254,8294-1,1
1768,13269,7142-1,1
1769,13269,7152-1,1
1770,13286,7110-1,1
1771,13286,7144-1,1
1772,13355,7235-1,1
1773,13355,7236-1,1
1774,13355,7245-1,1
1775,13355,7890-1,1
1776,13355,7902-1,1
1777,13355,7903-1,1
1778,13370,7891-1,1
1779,13370,7893-1,1
1780,13370,7894-1,1
1781,13370,7901-1,1
1782,13380,1246-1,1
1783,13380,1247-1,1
1784,13380,1248-1,1
1785,13380,1249-1,1
1786,13380,1250-1,1
1787,13380,1251-1,1
1788,13398,7890-1,1
1789,13398,7892-1,1
1790,13398,7902-1,1
1791,13398,7903-1,1
1792,13412,4415-1,1
1793,13412,4416-1,1
1794,13412,4417-1,1
1795,13412,4418-1,1
1796,13423,8583-1,1
1797,13423,8584-1,1
1798,13427,6611-1,1
1799,13427,6628-1,1
1800,13427,6629-1,1
1801,13447,8827-0,60
1802,13450,7467-1,1
1803,13450,7468-1,1
1804,13450,7469-1,1
1805,13450,7470-1,1
1806,13450,7471-1,1
1807,13480,71002-0,60
1808,13538,8727-1,1
1809,13538,8728-1,1
1810,13538,8729-1,1
1811,13538,8730-1,1
1812,13538,8731-1,1
1813,13538,8732-1,1
1814,13576,8509-1,1
1815,13576,8510-1,1
1816,13576,8511-1,1
1817,13576,8512-1,1
1818,13576,8513-1,1
1819,13576,8514-1,1
1820,13603,8683-0,60
1821,13617,7620-1,1
1822,13617,7621-1,1
1823,13617,7622-1,1
1824,13617,7623-1,1
1825,13661,7895-1,1
1826,13661,7896-1,2
1827,13696,7241-1,1
1828,13696,7246-1,1
1829,13883,4492-1,1
1830,13883,4494-1,1
1831,13883,7256-1,1
1832,13906,8922-1,1
1833,13906,8923-1,1
1834,13906,8924-1,1
1835,13907,8602-1,1
1836,13907,8603-1,1
1837,13907,8606-1,1
1838,13917,10013-1,1
1839,13917,10017-1,1
1840,13917,10153-1,1
1841,13917,3741-1,1
1842,13917,3742-1,1
1843,13917,3743-1,1
1844,13917,4515-2,1
1845,13917,4520-2,2
1846,13917,4548-1,1
1847,13941,10001-1,1
1848,13941,10002-1,1
1849,13960,8900-1,1
1850,13960,8901-1,1
1851,13960,8902-1,1
1852,13960,8903-1,1
1853,13960,8904-1,1
1854,13960,8905-1,1
1855,13992,71007-0,60
1856,14011,4436-1,1
1857,14011,7235-2,1
1858,14011,7279-1,1
1859,14011,7498-1,1
1860,14079,1274-1,1
1861,14079,1275-1,1
1862,14079,1276-1,1
1863,14079,1277-1,1
1864,14096,2258-1,1
1865,14096,2259-1,1
1866,14096,2519-1,1
1867,14127,8667-1,1
1868,14127,8670-1,1
1869,14152,6216-1,1
1870,14152,6293-1,1
1871,14154,7895-1,1
1872,14154,7896-1,1
1873,14154,7937-1,1
1874,14154,7939-1,1
1875,14174,1990-1,1
1876,14174,1991-1,1
1877,14174,1992-1,1
1878,14198,1431-1,1
1879,14198,8588-1,1
1880,14198,8589-1,1
1881,14198,8592-1,1
1882,14222,10121-1,2
1883,14222,3433-1,1
1884,14233,7654-1,1
1885,14233,7670-1,1
1886,14247,7803-1,4
1887,14247,7808-1,4
1888,14248,7914-1,1
1889,14248,9488-1,1
1890,14248,9491-1,1
1891,14276,8007-1,1
1892,14276,8009-1,1
1893,14277,3403-1,1
1894,14277,3418-1,1
1895,14277,3419-1,1
1896,14280,8733-1,1
1897,14280,8734-1,1
1898,14280,8764-1,1
1899,14297,8509-1,1
1900,14297,8511-1,1
1901,14297,8512-1,1
1902,14297,8513-1,1
1903,14328,7895-1,1
1904,14328,7896-1,1
1905,14328,7898-1,1
1906,14328,7997-1,1
1907,14390,6452-1,1
1908,14390,6458-1,1
1909,14390,6465-1,1
1910,14418,2878-1,1
1911,14426,5000062-1,1
1912,14442,71011-1,1
1913,14442,71011-10,1
1914,14442,71011-11,1
1915,14442,71011-12,1
1916,14442,71011-13,1
1917,14442,71011-14,1
1918,14442,71011-15,1
1919,14442,71011-16,1
1920,14442,71011-2,1
1921,14442,71011-3,1
1922,14442,71011-4,1
1923,14442,71011-5,1
1924,14442,71011-6,1
1925,14442,71011-7,1
1926,14442,71011-8,1
1927,14442,71011-9,1
1928,14465,8383-1,1
1929,14465,8385-1,1
1930,14493,6633-1,1
1931,14493,6653-1,1
1932,14493,6656-1,1
1933,14495,7749-1,1
1934,14495,8083-1,1
1935,14495,8089-1,1
1936,14498,851097-1,1
1937,14498,8736-1,1
1938,14498,8738-1,1
1939,14498,8740-1,1
1940,14508,71011-0,60
1941,14524,8550-1,1
1942,14524,8553-1,1
1943,14524,8554-1,1
1944,14524,8562-1,1
1945,14568,8201-1,1
1946,14568,9478-1,1
1947,14568,9485-1,1
1948,14711,2535-1,1
1949,14711,2536-1,1
1950,14711,2537-1,1
1951,14711,2538-1,1
1952,14711,2539-1,1
1953,14711,2540-1,1
1954,14711,2541-1,1
1955,14711,2542-1,1
1956,14711,2543-1,1
1957,14711,2544-1,1
1958,14790,851441-1,1
1959,14790,8742-1,1
1960,14790,8756-1,1
1961,14812,10024-1,1
1962,14812,10124-1,1
1963,14812,3451-1,1
1964,14822,4475-1,1
1965,14822,4476-1,1
1966,14822,4480-1,1
1967,14849,3302-1,1
1968,14849,3303-1,1
1969,14849,3305-1,2
1970,14849,3306-1,1
1971,14849,3318-1,2
1972,14919,2882-1,1
1973,14919,2884-1,1
1974,14919,2886-1,1
1975,14919,6407-1,1
1976,14921,4600-1,1
1977,14921,4604-1,1
1978,14921,4608-1,1
1979,14921,4611-1,1
1980,14931,7895-1,1
1981,14931,7896-1,1
1982,14931,7898-1,1
1983,14931,7997-1,1
1984,14942,3740-1,1
1985,14942,3742-1,1
1986,14942,3747-1,1
1987,14954,7409-1,1
1988,14954,7412-1,1
1989,14954,7415-1,1
1990,14954,7417-1,1
1991,14997,8805-0,60
1992,14999,8647-1,1
1993,14999,8648-1,1
1994,15010,3000-1,1
1995,15010,3001-1,1
1996,15010,3003-1,1
1997,15010,3005-1,1
1998,15019,7200-1,1
1999,15019,7201-1,1
2000,15019,7203-1,1
2001,15019,7204-1,1
2002,15033,1620-1,1
2003,15033,1621-1,1
2004,15060,8685-1,1
2005,15060,8686-1,1
2006,15060,8687-1,1
2007,15060,8691-1,1
2008,15060,8692-1,1
2009,15060,8693-1,1
2010,15080,4016-1,1
2011,15080,4017-1,1
2012,15080,4018-1,1
2013,15080,4019-1,1
2014,15164,4515-1,2
2015,15164,4519-1,1
2016,15164,4520-1,2
2017,15164,4531-1,1
2018,15192,7239-1,1
2019,15192,7245-1,1
2020,15192,7638-1,1
2021,15192,8401-1,1
2022,15224,2192-1,1
2023,15224,2193-1,1
2024,15224,2194-1,1
2025,15224,2235-1,1
2026,15238,20201-1,1
2027,15238,20202-1,1
2028,15238,20203-1,1
2029,15238,20204-1,1
2030,15238,20205-1,1
2031,15260,4186868-1,1
2032,15260,4186875-1,1
2033,15260,4186876-1,1
2034,15304,8688-1,1
2035,15304,8689-1,1
2036,15304,8690-1,1
2037,15304,8694-1,1
2038,15304,8695-1,1
2039,15304,8696-1,1
2040,15449,2878-1,1
2041,15519,6205-1,1
2042,15519,7252-1,1
2043,15519,7256-1,1
2044,15560,1188-1,1
2045,15560,1189-1,1
2046,15560,1190-1,1
2047,15560,1191-1,1
2048,15594,8509-1,1
2049,15594,8510-1,1
2050,15594,8511-1,1
2051,15594,8512-1,1
2052,15594,8513-1,1
2053,15594,8514-1,1
2054,15631,41527-1,1
2055,15631,41528-1,1
2056,15631,41529-1,1
2057,15694,7238-1,1
2058,15694,7239-1,1
2059,15694,7241-1,1
2060,15694,7942-1,1
2061,15694,7945-1,1
2062,15718,7131-1,1
2063,15718,7151-1,1
2064,15733,8755-1,1
2065,15733,8756-1,1
2066,15733,8761-1,1
2067,15744,8111-1,1
2068,15744,8112-1,1
2069,15744,8113-1,1
2070,15744,8114-1,1
2071,15744,8115-1,1
2072,15776,8736-1,1
2073,15776,8737-1,1
2074,15776,8738-1,1
2075,15776,8739-1,1
2076,15776,8740-1,1
2077,15776,8741-1,1
2078,15951,4816-1,1
2079,15951,4817-1,1
2080,15951,4818-1,1
2081,15951,4819-1,1
2082,15955,7770-1,1
2083,15955,7771-1,1
2084,15955,7772-1,1
2085,15955,7773-1,1
2086,15955,7774-1,1
2087,15955,7775-1,1
2088,15973,10068-1,1
2089,15973,10069-1,1
2090,15973,10070-1,1
2091,15980,7246-1,1
2092,15980,7248-1,1
2093,15980,7905-1,1
2094,15980,7990-1,1
2095,15990,llca21-1,1
2096,15990,llca22-1,1
2097,15990,llca23-1,1
2098,16023,7733-1,1
2099,16023,7734-1,1
2100,16023,7992-1,1
2101,16029,6581-1,1
2102,16029,6596-1,1
2103,16034,7731-1,1
2104,16034,7732-1,1
2105,16034,7733-1,1
2106,16034,7734-1,1
2107,16070,322-1,1
2108,16102,8057-1,1
2109,16102,8058-1,1
2110,16102,8059-1,1
2111,16102,8080-1,1
2112,16117,8621-1,1
2113,16117,8622-1,1
2114,16117,8623-1,1
2115,16126,8550-1,1
2116,16126,8551-1,1
2117,16126,8552-1,1
2118,16126,8553-1,1
2119,16126,8554-1,1
2120,16126,8555-1,1
2121,16126,8560-1,1
2122,16126,8561-1,1
2123,16126,8562-1,1
2124,16126,8563-1,1
2125,16126,8564-1,1
2126,16126,8565-1,1
2127,16127,10024-1,1
2128,16127,3451-1,1
2129,16131,1496-1,1
2130,16131,1497-1,1
2131,16138,3074-1,1
2132,16138,3075-1,1
2133,16138,3076-1,1
2134,16138,3077-1,1
2135,16150,3885-2,1
2136,16159,5969-1,1
2137,16159,5970-1,1
2138,16159,5972-1,1
2139,16159,5973-1,1
2140,16159,8400-1,1
2141,16180,9469-1,1
2142,16180,9470-1,1
2143,16180,9471-1,1
2144,16180,9472-1,1
2145,16180,9473-1,1
2146,16180,9474-1,1
2147,16180,9476-1,1
2148,16210,1790-1,1
2149,16210,1791-1,1
2150,16210,1792-1,1
2151,16226,3741-1,1
2152,16226,3743-1,1
2153,16254,6235-1,1
2154,16254,6245-1,1
2155,16319,20201-1,1
2156,16319,20202-1,1
2157,16337,8083-1,1
2158,16337,8084-1,1
2159,16337,8092-1,1
2160,16371,4855-1,1
2161,16371,4856-1,1
2162,16371,4857-1,1
2163,16423,71013-1,1
2164,16423,71013-10,1
2165,16423,71013-11,1
2166,16423,71013-12,1
2167,16423,71013-13,1
2168,16423,71013-14,1
2169,16423,71013-15,1
2170,16423,71013-16,1
2171,16423,71013-2,1
2172,16423,71013-3,1
2173,16423,71013-4,1
2174,16423,71013-5,1
2175,16423,71013-6,1
2176,16423,71013-7,1
2177,16423,71013-8,1
2178,16423,71013-9,1
2179,16460,71012-1,1
2180,16460,71012-10,1
2181,16460,71012-11,1
2182,16460,71012-12,1
2183,16460,71012-13,1
2184,16460,71012-14,1
2185,16460,71012-15,1
2186,16460,71012-16,1
2187,16460,71012-17,1
2188,16460,71012-18,1
2189,16460,71012-2,1
2190,16460,71012-3,1
2191,16460,71012-4,1
2192,16460,71012-5,1
2193,16460,71012-6,1
2194,16460,71012-7,1
2195,16460,71012-8,1
2196,16460,71012-9,1
2197,16593,71014-1,1
2198,16593,71014-10,1
2199,16593,71014-11,1
2200,16593,71014-12,1
2201,16593,71014-13,1
2202,16593,71014-14,1
2203,16593,71014-15,1
2204,16593,71014-16,1
2205,16593,71014-2,1
2206,16593,71014-3,1
2207,16593,71014-4,1
2208,16593,71014-5,1
2209,16593,71014-6,1
2210,16593,71014-7,1
2211,16593,71014-8,1
2212,16593,71014-9,1
2213,16594,71017-1,1
2214,16594,71017-10,1
2215,16594,71017-11,1
2216,16594,71017-12,1
2217,16594,71017-13,1
2218,16594,71017-14,1
2219,16594,71017-15,1
2220,16594,71017-16,1
2221,16594,71017-17,1
2222,16594,71017-18,1
2223,16594,71017-19,1
2224,16594,71017-2,1
2225,16594,71017-20,2
2226,16594,71017-3,1
2227,16594,71017-4,1
2228,16594,71017-5,1
2229,16594,71017-6,1
2230,16594,71017-7,1
2231,16594,71017-8,1
2232,16594,71017-9,1
2233,18701,71018-1,1
2234,18701,71018-10,1
2235,18701,71018-11,1
2236,18701,71018-12,1
2237,18701,71018-13,1
2238,18701,71018-14,1
2239,18701,71018-15,1
2240,18701,71018-16,1
2241,18701,71018-2,1
2242,18701,71018-3,1
2243,18701,71018-4,1
2244,18701,71018-5,1
2245,18701,71018-6,1
2246,18701,71018-7,1
2247,18701,71018-8,1
2248,18701,71018-9,1
2249,20344,41305-1,1
2250,20344,41306-1,1
2251,20344,41307-1,1
2252,20344,41308-1,1
2253,20344,41309-1,1
2254,20344,5004395-1,1
2255,20976,60136-1,1
2256,20976,60137-1,1
2257,20976,60138-1,1
2258,21129,70900-1,1
2259,21129,70903-1,1
2260,21131,75164-1,1
2261,21131,75165-1,1
2262,21160,60100-1,1
2263,21160,60106-1,1
2264,21160,60136-1,1
2265,21160,60157-1,1
2266,21160,60163-1,1
2267,21161,75166-1,1
2268,21161,75167-1,1
2269,21162,60073-1,1
2270,21162,60074-1,1
2271,21162,60076-1,1
2272,21163,60090-1,1
2273,21163,60091-1,1
2274,21163,60092-1,1
2275,21163,60093-1,1
2276,21164,41110-1,1
2277,21164,41111-1,1
2278,21164,41112-1,1
2279,21170,41110-1,1
2280,21170,41116-1,1
2281,21170,41119-1,1
2282,21171,60121-1,1
2283,21171,60122-1,1
2284,21171,60123-1,1
2285,21173,60105-1,1
2286,21173,60106-1,1
2287,21173,60107-1,1
2288,21174,75125-1,1
2289,21174,75127-1,1
2290,21174,75130-1,1
2291,21175,41091-1,1
2292,21175,41095-1,1
2293,21175,41103-1,1
2294,21323,10506-1,1
2295,21323,10507-1,1
2296,21323,10522-1,1
2297,21324,10506-1,1
2298,21324,10508-1,1
2299,21324,10601-1,1
2300,21393,10521-1,1
2301,21393,10522-1,1
2302,21393,10525-1,1
2303,21394,75073-1,1
2304,21394,75074-1,1
2305,21394,75077-1,1
2306,21395,75072-1,1
2307,21395,75075-1,1
2308,21395,75076-1,1
2309,21396,60001-1,1
2310,21396,60011-1,1
2311,21396,60043-1,1
2312,21397,41026-1,1
2313,21397,41027-1,1
2314,21397,41029-1,1
2315,21399,60000-1,1
2316,21399,60001-1,1
2317,21399,60003-1,1
2318,21399,60010-1,1
2319,21401,41004-1,1
2320,21401,41005-1,1
2321,21401,41013-1,1
2322,21402,75002-1,1
2323,21402,75004-1,1
2324,21402,75012-1,1
2325,21403,44000-1,1
2326,21403,44001-1,1
2327,21404,75015-1,1
2328,21404,75016-1,1
2329,21404,75019-1,1
2330,21405,70005-1,1
2331,21405,70009-1,1
2332,21406,60003-1,1
2333,21406,60007-1,1
2334,21406,60013-1,1
2335,21407,44010-1,1
2336,21407,44011-1,1
2337,21408,44008-1,1
2338,21408,44009-1,1
2339,21409,44001-1,1
2340,21409,44004-1,1
2341,21409,44007-1,1
2342,21410,44001-1,1
2343,21410,44006-1,1
2344,21410,44007-1,1
2345,21411,44001-1,1
2346,21411,44003-1,1
2347,21411,44007-1,1
2348,21412,44012-1,1
2349,21412,44013-1,1
2350,21413,41017-1,1
2351,21413,41018-1,1
2352,21413,41019-1,1
2353,21413,41020-1,1
2354,21413,41021-1,1
2355,21413,41022-1,1
2356,21413,41023-1,1
2357,21413,41024-1,1
2358,21413,41025-1,1
2359,21414,70200-1,1
2360,21414,70201-1,1
2361,21415,70202-1,1
2362,21415,70205-1,1
2363,21416,70203-1,1
2364,21416,70204-1,1
2365,21428,5679-1,1
2366,21428,5680-1,1
2367,21428,5681-1,1
2368,21430,2063-1,1
2369,21430,2142-1,1
2370,21431,2068-1,1
2371,21431,2141-1,1
2372,21432,5643-1,1
2373,21432,5644-1,1
2374,21432,5645-1,1
2375,21432,5646-1,1
2376,21601,71020-0,60
2377,23231,71021-1,1
2378,23231,71021-10,1
2379,23231,71021-11,1
2380,23231,71021-12,1
2381,23231,71021-13,1
2382,23231,71021-14,1
2383,23231,71021-15,1
2384,23231,71021-16,1
2385,23231,71021-17,1
2386,23231,71021-2,1
2387,23231,71021-3,1
2388,23231,71021-4,1
2389,23231,71021-5,1
2390,23231,71021-6,1
2391,23231,71021-7,1
2392,23231,71021-8,1
2393,23231,71021-9,1
2394,23232,71021-0,60
2395,23385,10706-1,1
2396,23385,10707-1,1
2397,23385,10708-1,1
2398,23385,10709-1,1
2399,24377,451-1,1
2400,24377,452-2,1
2401,24377,453-2,1
2402,24377,454-2,1
2403,24377,455-2,1
2404,24377,456-2,1
2405,24377,457-1,1
2406,24377,458-1,1
2407,24377,459-1,1
2408,24377,460-2,1
2409,24732,001-1,1
2410,24732,285-1,1
2411,24920,7331-1,1
2412,24920,7332-1,1
2413,24921,3274-1,1
2414,24921,3278-1,1
2415,24921,3281-1,1
2416,24922,3272-1,1
2417,24922,3273-1,1
2418,24922,3278-1,1
2419,24922,3279-1,1
2420,24922,3281-1,1
2421,24922,3282-1,1
2422,24922,3283-1,1
2423,24923,3279-1,1
2424,24923,3281-1,1
2425,24923,3283-1,1
2426,24973,3774-1,1
2427,24973,5554-1,1
2428,25007,2735-2,3
2429,25007,5552-1,1
2430,25007,5556-1,1
2431,25510,41775-1,1
2432,25510,41775-10,1
2433,25510,41775-11,1
2434,25510,41775-12,1
2435,25510,41775-2,1
2436,25510,41775-3,1
2437,25510,41775-4,1
2438,25510,41775-5,1
2439,25510,41775-6,1
2440,25510,41775-7,1
2441,25510,41775-8,1
2442,25510,41775-9,1
2443,25511,41775-0,60
2444,25699,4976-1,1
2445,25699,4987-1,1
2446,25699,4988-1,1
2447,25700,4976-1,1
2448,25700,4986-1,1
2449,25700,4987-1,1
2450,25701,2734-2,1
2451,25701,3774-1,1
2452,25701,5608-1,1
2453,25702,2734-2,1
2454,25702,3774-1,1
2455,25702,5608-1,1
2456,25703,3300-1,1
2457,25703,3301-1,1
2458,25703,3352-1,1
2459,25703,3354-1,1
2460,25703,5552-1,1
2461,25703,5554-1,1
2462,25703,5555-1,1
2463,25703,5556-1,1
2464,25704,3300-1,1
2465,25704,3301-1,1
2466,25704,5552-1,1
2467,25704,5554-1,1
2468,25704,5555-1,1
2469,25704,5556-1,1
2470,26185,71019-1,1
2471,26185,71019-10,1
2472,26185,71019-11,1
2473,26185,71019-12,1
2474,26185,71019-13,1
2475,26185,71019-14,1
2476,26185,71019-15,1
2477,26185,71019-16,1
2478,26185,71019-17,1
2479,26185,71019-18,1
2480,26185,71019-19,1
2481,26185,71019-2,1
2482,26185,71019-20,1
2483,26185,71019-3,1
2484,26185,71019-4,1
2485,26185,71019-5,1
2486,26185,71019-6,1
2487,26185,71019-7,1
2488,26185,71019-8,1
2489,26185,71019-9,1
2490,26188,71020-1,1
2491,26188,71020-10,1
2492,26188,71020-11,1
2493,26188,71020-12,1
2494,26188,71020-13,1
2495,26188,71020-14,1
2496,26188,71020-15,1
2497,26188,71020-16,1
2498,26188,71020-17,1
2499,26188,71020-18,1
2500,26188,71020-19,1
2501,26188,71020-2,1
2502,26188,71020-20,1
2503,26188,71020-3,1
2504,26188,71020-4,1
2505,26188,71020-5,1
2506,26188,71020-6,1
2507,26188,71020-7,1
2508,26188,71020-8,1
2509,26188,71020-9,1
2510,26232,10605-1,1
2511,26232,10606-1,1
2512,26236,5606-1,1
2513,26236,5633-1,1
2514,26236,5634-1,1
2515,26237,4962-1,1
2516,26237,4972-1,1
2517,26237,5632-1,1
2518,26237,5635-1,1
2519,26238,4962-1,1
2520,26238,6172-1,1
2521,26238,6173-1,1
2522,26306,5645-1,1
2523,26306,5647-1,1
2524,26306,5649-1,1
2525,26307,5644-1,1
2526,26307,5646-1,1
2527,26307,5649-1,1
2528,26308,4683-1,1
2529,26308,4969-1,1
2530,26308,4973-1,1
2531,26308,4975-1,1
2532,26309,4665-1,1
2533,26309,4687-1,1
2534,26309,4975-1,1
2535,26437,4963-1,1
2536,26437,4979-1,1
2537,26437,5602-1,1
2538,26724,71022-1,1
2539,26724,71022-10,1
2540,26724,71022-11,1
2541,26724,71022-12,1
2542,26724,71022-13,1
2543,26724,71022-14,1
2544,26724,71022-15,1
2545,26724,71022-16,1
2546,26724,71022-17,1
2547,26724,71022-18,1
2548,26724,71022-19,1
2549,26724,71022-2,1
2550,26724,71022-20,1
2551,26724,71022-21,1
2552,26724,71022-22,1
2553,26724,71022-3,1
2554,26724,71022-4,1
2555,26724,71022-5,1
2556,26724,71022-6,1
2557,26724,71022-7,1
2558,26724,71022-8,1
2559,26724,71022-9,1
2560,26853,10581-1,1
2561,26853,10582-1,1
2562,26853,10584-1,1
2563,27003,1503-1,1
2564,27003,1504-2,1
2565,27588,5514-1,1
2566,27588,5536-1,1
2567,27630,5002887-2,1
2568,27630,5002888-2,1
2569,27646,5509-1,1
2570,27646,6130-1,1
2571,27647,5572-1,1
2572,27647,5575-1,1
2573,27742,11910-1,1
2574,27927,5572-1,1
2575,27927,5575-1,1
2576,28285,5572-1,1
2577,28285,5575-1,1
2578,28639,60053-1,1
2579,28639,60055-1,1
2580,28639,60060-1,1
2581,28642,75109-1,1
2582,28642,75112-1,1
2583,28643,75110-1,1
2584,28643,75111-1,1
2585,29100,45009-1,1
2586,29100,45010-1,1
2587,29100,45018-1,1
2588,29100,45019-1,1
2589,29109,2242-1,1
2590,29109,5492-1,1
2591,29163,45000-1,1
2592,29163,45001-1,1
2593,29163,45011-1,1
2594,29163,9090-1,1
2595,29164,45006-1,1
2596,29164,45010-1,1
2597,29164,45021-1,1
2598,29165,2751-2,3
2599,29165,2751-3,3
2600,29165,2751-4,3
2601,29165,2751-5,3
2602,29216,45007-1,1
2603,29216,45012-1,1
2604,29216,9090-1,1
2605,29217,9656-1,1
2606,30235,45002-1,1
2607,30235,45006-1,1
2608,30235,45010-1,1
2609,30236,45000-1,1
2610,30236,45001-1,1
2611,30236,45011-1,1
2612,30236,9090-1,1
2613,30237,45000-1,1
2614,30237,9090-1,1
2615,30238,9027-1,1
2616,30238,9071-1,1
2617,30238,9076-1,1
2618,30238,9230-1,1
2619,30239,45000-1,1
2620,30239,45080-1,1
2621,30239,9090-1,1
2622,30243,9656-1,1
2623,30244,9656-1,1
2624,30510,70135-1,1
2625,30510,70141-1,2
2626,30510,70142-1,1
2627,30510,70143-1,1
2628,30510,70144-1,1
2629,30510,70145-1,2
2630,30510,70146-1,1
2631,30510,70147-1,1
2632,30510,70220-1,1
2633,30510,70221-1,1
2634,30510,70222-1,1
2635,30510,70223-1,1
2636,30510,70224-1,1
2637,30510,70225-1,1
2638,30510,70226-1,1
2639,30510,70227-1,1
2640,30510,70228-1,1
2641,30510,70229-1,2
2642,30510,70230-1,2
2643,30510,70231-1,1
2644,30510,70232-1,1
2645,30561,75206-1,1
2646,30561,75207-1,1
2647,30949,75197-1,1
2648,30949,75198-1,1
2649,31211,QUATRO-1,1
2650,31861,71023-0,60
2651,32338,71023-1,1
2652,32338,71023-10,1
2653,32338,71023-11,1
2654,32338,71023-12,1
2655,32338,71023-13,1
2656,32338,71023-14,1
2657,32338,71023-15,1
2658,32338,71023-16,1
2659,32338,71023-17,1
2660,32338,71023-18,1
2661,32338,71023-19,1
2662,32338,71023-2,1
2663,32338,71023-20,1
2664,32338,71023-3,1
2665,32338,71023-4,1
2666,32338,71023-5,1
2667,32338,71023-6,1
2668,32338,71023-7,1
2669,32338,71023-8,1
2670,32338,71023-9,1
2671,32757,2751-2,1
2672,32757,2751-3,1
2673,32757,2751-4,1
2674,32757,2751-5,1
2675,32763,9027-1,1
2676,32763,9071-1,1
2677,32763,9076-1,1
2678,32763,9079-1,1
2679,32763,9230-1,1
2680,32764,45000-1,1
2681,32764,9222-1,1
2682,32765,5003487-1,1
2683,32765,9090-1,1
2684,33995,9055-1,1
2685,33995,9920-1,2
2686,33997,9180-1,1
2687,33997,9181-1,1
2688,33998,9171-1,1
2689,33999,9190-1,1
2690,33999,9192-1,1
2691,34099,71024-0,60
2692,34449,31071-1,1
2693,34449,31072-1,1
2694,34450,60170-1,1
2695,34450,60171-1,1
2696,35025,71024-1,1
2697,35025,71024-10,1
2698,35025,71024-11,1
2699,35025,71024-12,1
2700,35025,71024-13,1
2701,35025,71024-14,1
2702,35025,71024-15,1
2703,35025,71024-16,1
2704,35025,71024-17,1
2705,35025,71024-18,1
2706,35025,71024-2,1
2707,35025,71024-3,1
2708,35025,71024-4,1
2709,35025,71024-5,1
2710,35025,71024-6,1
2711,35025,71024-7,1
2712,35025,71024-8,1
2713,35025,71024-9,1
2714,35139,71012-0,60
2715,35378,3857-1,1
2716,35378,3858-1,1
2717,35378,3859-1,1
2718,35378,3860-1,1
2719,35378,4648939-1,1
2720,35734,1069-1,1
2721,35734,1099-1,1
2722,35734,4222-1,1
2723,35734,4930-1,1
2724,35734,6706-1,1
2725,35807,1958-2,1
2726,35807,1959-2,1
2727,35810,2345-1,1
2728,35810,2411-1,1
2729,35860,60219-1,1
2730,35860,60223-1,1
2731,36618,41606-1,1
2732,36618,41607-1,1
2733,37145,2024-1,1
2734,37145,2054-1,1
2735,37145,2070-1,1
2736,38028,71025-0,60
2737,38380,21102-1,1
2738,38380,21105-1,1
2739,38380,21106-1,1
2740,38380,21107-1,1
2741,39710,71025-1,1
2742,39710,71025-10,1
2743,39710,71025-11,1
2744,39710,71025-12,1
2745,39710,71025-13,1
2746,39710,71025-14,1
2747,39710,71025-15,1
2748,39710,71025-16,1
2749,39710,71025-2,1
2750,39710,71025-3,1
2751,39710,71025-4,1
2752,39710,71025-5,1
2753,39710,71025-6,1
2754,39710,71025-7,1
2755,39710,71025-8,1
2756,39710,71025-9,1
2757,41809,11926-1,1
2758,42398,10717-1,1
2759,42398,853967-1,1
2760,42402,5005375-1,1
2761,42402,71025-0,20
2762,42402,853967-1,1
2763,42403,5005399-1,1
2764,42403,5005906-1,1
2765,42403,853910-1,1
2766,42403,853967-1,1
2767,42407,40301731-1,1
2768,42407,5003568-1,1
2769,42407,5004268-1,1
2770,42816,60218-1,1
2771,42816,60219-1,1
2772,42816,60231-1,1
2773,42831,60207-1,1
2774,42831,60212-1,1
2775,42831,60239-1,1
2776,42832,41335-1,1
2777,42832,41383-1,1
2778,42832,41385-1,1
2779,43617,71026-1,3
2780,43617,71026-10,3
2781,43617,71026-11,3
2782,43617,71026-12,4
2783,43617,71026-13,5
2784,43617,71026-14,3
2785,43617,71026-15,5
2786,43617,71026-16,3
2787,43617,71026-2,4
2788,43617,71026-3,5
2789,43617,71026-4,4
2790,43617,71026-5,3
2791,43617,71026-6,4
2792,43617,71026-7,4
2793,43617,71026-8,4
2794,43617,71026-9,3
2795,43618,71026-1,1
2796,43618,71026-10,1
2797,43618,71026-11,1
2798,43618,71026-12,1
2799,43618,71026-13,1
2800,43618,71026-14,1
2801,43618,71026-15,1
2802,43618,71026-16,1
2803,43618,71026-2,1
2804,43618,71026-3,1
2805,43618,71026-4,1
2806,43618,71026-5,1
2807,43618,71026-6,1
2808,43618,71026-7,1
2809,43618,71026-8,1
2810,43618,71026-9,1
2811,43650,71026-0,60
2812,43681,45002-1,2
2813,43681,45005-1,2
2814,43681,45018-1,2
2815,43681,45024-1,2
2816,43681,45025-1,2
2817,43681,9840-1,2
2818,43719,45300-1,1
2819,43719,5004838-1,1
2820,43720,2000715-1,1
2821,43720,2045300-1,1
2822,43720,45300-1,4
2823,43720,5004838-1,4
2824,43721,2000715-1,4
2825,43721,2045300-1,1
2826,43721,45300-1,12
2827,43721,5004838-1,12
2828,43840,60177-1,1
2829,43840,60178-1,1
2830,43862,30617-1,1
2831,43864,30617-1,1
2832,43974,75900-1,1
2833,43974,75901-1,1
2834,43974,75902-1,1
2835,43974,75903-1,1
2836,43974,75904-1,1
2837,43974,SDMYSTERYGANG-1,1
2838,44262,6317941-1,1
2839,44262,6317942-1,1
2840,44262,80104-1,1
2841,44262,80105-1,1
2842,44343,8310-1,1
2843,44343,8311-1,1
2844,44598,71014-0,60
2845,46066,40301731-1,1
2846,46066,5001383-1,1
2847,46066,5003568-1,1
2848,46066,5004268-1,1
2849,46148,9081-1,1
2850,46148,9085-1,1
2851,46714,75126-1,1
2852,46714,75128-1,1
2853,46714,75129-1,1
2854,47910,3194-1,2
2855,49630,71027-1,3
2856,49630,71027-10,4
2857,49630,71027-11,3
2858,49630,71027-12,5
2859,49630,71027-13,4
2860,49630,71027-14,3
2861,49630,71027-15,3
2862,49630,71027-16,4
2863,49630,71027-2,3
2864,49630,71027-3,4
2865,49630,71027-4,5
2866,49630,71027-5,4
2867,49630,71027-6,4
2868,49630,71027-7,3
2869,49630,71027-8,3
2870,49630,71027-9,5
2871,49677,71027-1,1
2872,49677,71027-10,1
2873,49677,71027-11,1
2874,49677,71027-12,1
2875,49677,71027-13,1
2876,49677,71027-14,1
2877,49677,71027-15,1
2878,49677,71027-16,1
2879,49677,71027-2,1
2880,49677,71027-3,1
2881,49677,71027-4,1
2882,49677,71027-5,1
2883,49677,71027-6,1
2884,49677,71027-7,1
2885,49677,71027-8,1
2886,49677,71027-9,1
2887,50665,70736-1,1
2888,50665,70738-1,1
2889,54703,5002887-1,1
2890,54703,9780756656232-2,1
2891,61767,41077-1,1
2892,61767,41078-1,1
2893,65362,45544-1,1
2894,65362,45560-1,1
2895,69971,2855125-1,1
2896,69977,10060-1,1
2897,69977,10145-1,1
2898,69977,3458-1,1
2899,69977,3462-1,1
2900,70292,71361-1,1
2901,70292,71361-10,1
2902,70292,71361-2,1
2903,70292,71361-3,1
2904,70292,71361-4,1
2905,70292,71361-5,1
2906,70292,71361-6,1
2907,70292,71361-7,1
2908,70292,71361-8,1
2909,70292,71361-9,1
2910,70295,71361-1,2
2911,70295,71361-10,2
2912,70295,71361-2,2
2913,70295,71361-3,2
2914,70295,71361-4,2
2915,70295,71361-5,2
2916,70295,71361-6,2
2917,70295,71361-7,2
2918,70295,71361-8,2
2919,70295,71361-9,2
2920,70720,4274258-1,1
2921,70720,4274259-1,1
2922,70831,71361-0,20
2923,72217,76140-1,1
2924,72217,76141-1,1
2925,72217,76146-1,1
2926,72222,71028-0,60
2927,72223,71028-1,1
2928,72223,71028-10,1
2929,72223,71028-11,1
2930,72223,71028-12,1
2931,72223,71028-13,1
2932,72223,71028-14,1
2933,72223,71028-15,1
2934,72223,71028-16,1
2935,72223,71028-2,1
2936,72223,71028-3,1
2937,72223,71028-4,1
2938,72223,71028-5,1
2939,72223,71028-6,1
2940,72223,71028-7,1
2941,72223,71028-8,1
2942,72223,71028-9,1
2943,72630,71001-1,1
2944,72630,71001-10,1
2945,72630,71001-11,1
2946,72630,71001-12,1
2947,72630,71001-13,1
2948,72630,71001-14,1
2949,72630,71001-15,1
2950,72630,71001-16,1
2951,72630,71001-2,1
2952,72630,71001-3,1
2953,72630,71001-4,1
2954,72630,71001-5,1
2955,72630,71001-6,1
2956,72630,71001-7,1
2957,72630,71001-8,1
2958,72630,71001-9,1
2959,73585,41608-1,1
2960,73585,41609-1,1
2961,73586,41451-1,1
2962,73586,41452-1,1
2963,74937,30541-1,1
2964,74956,30381-1,1
2965,76670,60207-1,1
2966,76670,60213-1,1
2967,76670,60219-1,1
2968,76876,75973-1,1
2969,76876,OWIK-2,1
2970,77814,60247-1,1
2971,77814,60250-1,1
2972,77815,60224-1,1
2973,77815,60225-1,1
2974,77816,21140-1,1
2975,77816,21145-1,1
2976,77817,75890-1,1
2977,77817,75891-1,1
2978,77818,41900-1,1
2979,77818,41902-1,1
2980,77818,41905-1,1
2981,77818,41908-1,1
2982,77963,30364-1,1
2983,77976,30571-1,1
2984,79504,71386-1,1
2985,79504,71386-10,1
2986,79504,71386-2,1
2987,79504,71386-3,1
2988,79504,71386-4,1
2989,79504,71386-5,1
2990,79504,71386-6,1
2991,79504,71386-7,1
2992,79504,71386-8,1
2993,79504,71386-9,1
2994,80924,71386-0,20
2995,81986,11926-1,1
2996,82555,71013-0,60
2997,82558,71025-0,30
2998,82965,60250-1,1
2999,82965,60251-1,1
3000,83246,71029-1,1
3001,83246,71029-10,1
3002,83246,71029-11,1
3003,83246,71029-12,1
3004,83246,71029-2,1
3005,83246,71029-3,1
3006,83246,71029-4,1
3007,83246,71029-5,1
3008,83246,71029-6,1
3009,83246,71029-7,1
3010,83246,71029-8,1
3011,83246,71029-9,1
3012,83247,71029-0,36
3013,84230,2000471-1,24
3014,84230,45401-1,12
3015,84231,2000470-1,24
3016,84231,45400-1,12
3017,85961,71029-0,6
3018,86630,6349570-1,1
3019,86630,6349571-1,1
3020,86879,40357-1,1
3021,86879,PE770441-1,1
3022,87120,60247-1,1
3023,87120,60249-1,1
3024,87431,4186868-1,1
3025,87431,4186870-1,1
3026,87431,4186872-1,1
3027,87431,4186874-1,1
3028,87431,4186875-1,1
3029,87445,10715-1,1
3030,87445,60180-1,1
3031,87445,60218-1,1
3032,87522,70628-1,1
3033,87522,70633-1,1
3034,87522,70634-1,1
3035,87522,70635-1,1
3036,87522,853760-1,1
3037,87523,41330-1,1
3038,87523,41335-1,1
3039,87523,853775-1,1
3040,87524,60171-1,1
3041,87524,60172-1,1
3042,87524,60176-1,1
3043,88083,40176-1,1
3044,88083,40298-1,1
3045,88083,5001621-1,1
3046,88083,5002938-1,1
3047,88083,5002947-1,1
3048,89085,60147-1,1
3049,89085,60148-1,1
3050,89085,60149-1,1
3051,89085,60150-1,1
3052,89085,60152-1,1
3053,89210,30612-1,1
3054,89348,76061-1,1
3055,89348,76072-1,1
3056,89348,76073-1,1
3057,89350,70322-1,1
3058,89353,70589-1,1
3059,89355,70592-1,1
3060,89444,2000715-1,2
3061,89444,2045300-1,1
3062,89444,45300-1,6
3063,89444,5004838-1,6
3064,89447,2000715-1,3
3065,89447,2045300-1,1
3066,89447,45300-1,8
3067,89447,5004838-1,8
3068,89482,45300-1,12
3069,89487,2045100-1,1
3070,89487,45100-1,10
3071,89488,2045102-1,1
3072,89488,45102-1,10
3073,89491,2045210-1,1
3074,89491,45210-1,1
3075,89492,2045210-1,1
3076,89492,45210-1,15
3077,89693,43101-1,1
3078,89693,43101-10,1
3079,89693,43101-11,1
3080,89693,43101-12,1
3081,89693,43101-2,1
3082,89693,43101-3,1
3083,89693,43101-4,1
3084,89693,43101-5,1
3085,89693,43101-6,1
3086,89693,43101-7,1
3087,89693,43101-8,1
3088,89693,43101-9,1
3089,90226,60284-1,1
3090,90226,60286-1,1
3091,90318,2045102-1,1
3092,90318,45102-1,1
3093,90540,2045101-1,1
3094,90540,45101-1,1
3095,90544,2045103-1,1
3096,90544,45103-1,1
3097,90548,45110-1,1
3098,90549,2045100-1,1
3099,90549,45100-1,1
3100,91080,9580-1,1
3101,91082,9580-1,1
3102,91083,9580-1,1
3103,91083,9585-1,1
3104,91084,9585-1,1
3105,91098,30605-1,1
3106,91102,30605-1,1
3107,91106,5005107-1,1
3108,91106,5005108-1,1
3109,91106,5005110-1,1
3110,91106,5005112-1,1
3111,91106,5005144-1,1
3112,91106,5005145-1,1
3113,91106,5005146-1,1
3114,91106,5005147-1,1
3115,91106,5005148-1,1
3116,91111,41554-1,4
3117,91111,41555-1,4
3118,91111,41556-1,4
3119,91111,41557-1,3
3120,91111,41558-1,3
3121,91111,41559-1,3
3122,91111,41560-1,3
3123,91111,41561-1,3
3124,91111,41562-1,3
3125,91112,41563-1,4
3126,91112,41564-1,4
3127,91112,41565-1,4
3128,91112,41566-1,3
3129,91112,41567-1,3
3130,91112,41568-1,3
3131,91112,41569-1,3
3132,91112,41570-1,3
3133,91112,41571-1,3
3134,91113,41500-1,4
3135,91113,41501-1,4
3136,91113,41502-1,4
3137,91113,41503-1,3
3138,91113,41504-1,3
3139,91113,41505-1,3
3140,91113,41506-1,3
3141,91113,41507-1,3
3142,91113,41508-1,3
3143,91114,41509-1,4
3144,91114,41510-1,4
3145,91114,41511-1,4
3146,91114,41512-1,3
3147,91114,41513-1,3
3148,91114,41514-1,3
3149,91114,41515-1,3
3150,91114,41516-1,3
3151,91114,41517-1,3
3152,91115,41518-1,4
3153,91115,41519-1,4
3154,91115,41520-1,4
3155,91115,41521-1,3
3156,91115,41522-1,3
3157,91115,41523-1,3
3158,91115,41524-1,3
3159,91115,41525-1,3
3160,91115,41526-1,3
3161,91117,41527-1,4
3162,91117,41528-1,4
3163,91117,41529-1,4
3164,91117,41530-1,3
3165,91117,41531-1,3
3166,91117,41532-1,3
3167,91117,41533-1,3
3168,91117,41534-1,3
3169,91117,41535-1,3
3170,91119,41536-1,4
3171,91119,41537-1,4
3172,91119,41538-1,4
3173,91119,41539-1,3
3174,91119,41540-1,3
3175,91119,41541-1,3
3176,91119,41542-1,3
3177,91119,41543-1,3
3178,91119,41544-1,3
3179,91120,41545-1,4
3180,91120,41546-1,4
3181,91120,41547-1,4
3182,91120,41548-1,3
3183,91120,41549-1,3
3184,91120,41550-1,3
3185,91120,41551-1,3
3186,91120,41552-1,3
3187,91120,41553-1,3
3188,91121,41572-1,4
3189,91121,41573-1,4
3190,91121,41574-1,4
3191,91121,41575-1,3
3192,91121,41576-1,3
3193,91121,41577-1,3
3194,91121,41578-1,3
3195,91121,41579-1,3
3196,91121,41580-1,3
3197,91182,30604-1,1
3198,91184,30606-1,1
3199,92392,9580-1,1
3200,93015,2586-1,1
3201,93222,3302-1,1
3202,93222,3303-1,1
3203,93222,3305-1,2
3204,93222,3306-1,1
3205,93222,3320-1,2
3206,93405,2181-1,1
3207,93413,5005997-1,1
3208,94190,2855123-1,1
3209,94191,2855127-1,1
3210,95648,30623-1,1
3211,95686,30526-1,1
3212,96449,1477-1,1
3213,96449,1478-1,1
3214,96449,1479-1,1
3215,96449,1480-1,1
3216,96449,1481-1,1
3217,96767,6808-1,1
3218,96767,6848-1,1
3219,96902,71030-1,1
3220,96902,71030-10,1
3221,96902,71030-11,1
3222,96902,71030-12,1
3223,96902,71030-2,1
3224,96902,71030-3,1
3225,96902,71030-4,1
3226,96902,71030-5,1
3227,96902,71030-6,1
3228,96902,71030-7,1
3229,96902,71030-8,1
3230,96902,71030-9,1
3231,97043,71030-0,36
3232,97109,41901-1,1
3233,97109,41904-1,1
3234,97109,41916-1,1
3235,97109,41917-1,1
3236,97110,41902-1,1
3237,97110,41903-1,1
3238,97110,41905-1,1
3239,97110,41908-1,1
3240,98269,10153-1,1
3241,98269,2159-1,1
3242,98269,4548-1,1
3243,98503,71030-0,6
3244,98685,43108-1,1
3245,98685,43108-10,1
3246,98685,43108-11,1
3247,98685,43108-12,1
3248,98685,43108-2,1
3249,98685,43108-3,1
3250,98685,43108-4,1
3251,98685,43108-5,1
3252,98685,43108-6,1
3253,98685,43108-7,1
3254,98685,43108-8,1
3255,98685,43108-9,1
3256,98815,10013-1,1
3257,98815,10014-1,1
3258,98815,10015-1,1
3259,98815,10016-1,1
3260,98815,10017-1,1
3261,98815,4515-1,1
3262,98815,4520-1,2
3263,98815,5300-1,1
3264,98815,KT205-1,1
3265,98905,10013-1,1
3266,98905,10014-1,1
3267,98905,10015-1,1
3268,98905,10016-1,1
3269,98905,10017-1,1
3270,98905,4515-1,1
3271,98905,4520-1,2
3272,98905,4548-1,1
3273,98905,5300-1,1
3274,98905,KT205-1,1
3275,98908,10013-1,1
3276,98908,10014-1,1
3277,98908,4515-1,1
3278,98908,4520-1,2
3279,98908,4548-1,1
3280,98908,5300-1,1
3281,101217,2878-1,1
3282,103094,4858-1,1
3283,103094,4860-1,1
3284,103155,4666-1,1
3285,103155,4669-1,1
3286,103156,1760-1,1
3287,103156,6649-1,1
3288,103156,6665-1,1
3289,103357,11006-1,1
3290,103357,11007-1,1
3291,103357,11009-1,1
3292,103357,11012-1,1
3293,107149,71031-1,1
3294,107149,71031-10,1
3295,107149,71031-11,1
3296,107149,71031-12,1
3297,107149,71031-2,1
3298,107149,71031-3,1
3299,107149,71031-4,1
3300,107149,71031-5,1
3301,107149,71031-6,1
3302,107149,71031-7,1
3303,107149,71031-8,1
3304,107149,71031-9,1
3305,107540,71394-1,1
3306,107540,71394-10,1
3307,107540,71394-2,1
3308,107540,71394-3,1
3309,107540,71394-4,1
3310,107540,71394-5,1
3311,107540,71394-6,1
3312,107540,71394-7,1
3313,107540,71394-8,1
3314,107540,71394-9,1
3315,107541,71386-0,20
3316,108253,76168-1,1
3317,108253,76169-1,1
3318,108253,76171-1,1
3319,108812,45400-1,12
3320,108813,45400-1,1
3321,108813,45678-1,1
3322,108813,45680-1,1
3323,108814,45400-1,4
3324,108814,45678-1,4
3325,108991,71031-0,36
3326,110758,71031-0,6
3327,110868,10282-1,1
3328,110868,FOOTSHOP-1,1
3329,112213,71360-1,1
3330,112213,71387-1,1
3331,112214,71387-1,1
3332,112214,71388-1,1
3333,112214,71389-1,1
3334,112214,71390-1,1
3335,112214,71391-1,1
3336,112215,71380-1,1
3337,112215,71388-1,1
3338,112215,71389-1,1
3339,112482,71018-0,60
3340,112484,71017-0,60
3341,112485,71019-0,60
3342,112486,71022-0,60
3343,112905,71360-1,1
3344,112905,71393-1,1
3345,113607,43101-0,2
3346,113607,43103-1,1
3347,113607,43114-1,1
3348,113608,43110-1,1
3349,113608,43111-1,1
3350,113610,43101-0,5
3351,113610,43112-1,1
3352,113612,43101-0,2
3353,113612,43111-1,1
3354,113612,43112-1,1
3355,113613,43106-1,1
3356,113613,43113-1,1
3357,113614,43101-0,2
3358,113614,43109-1,1
3359,113614,43115-1,1
3360,113615,43101-0,3
3361,113616,40420-1,1
3362,113616,40421-1,1
3363,113616,75550-1,1
3364,113616,854071-1,1
3365,113617,30387-1,1
3366,113617,75546-1,1
3367,113617,75547-1,1
3368,113618,40372-1,1
3369,113618,60243-1,1
3370,113618,60245-1,1
3371,113619,10934-1,1
3372,113619,2304-1,1
3373,114344,43108-0,24
3374,114345,43101-0,24
3375,114473,5007068-1,1
3376,114473,5007071-1,1
3377,115094,41442-1,1
3378,115094,41662-1,1
3379,115094,41663-1,1
3380,115094,41692-1,1
3381,115095,60256-1,1
3382,115095,60285-1,1
3383,115097,75269-1,1
3384,115097,75270-1,1
3385,115097,75271-1,1
3386,116725,71402-1,1
3387,116725,71402-10,1
3388,116725,71402-2,1
3389,116725,71402-3,1
3390,116725,71402-4,1
3391,116725,71402-5,1
3392,116725,71402-6,1
3393,116725,71402-7,1
3394,116725,71402-8,1
3395,116725,71402-9,1
3396,118098,41922-1,1
3397,118098,41930-1,1
3398,118098,41933-1,1
3399,118098,41940-1,1
3400,118098,43195-1,1
3401,118098,5007117-1,1
3402,118098,5007119-1,1
3403,118098,853968-1,1
3404,118098,853969-1,1
3405,118696,60239-1,1
3406,118696,60241-1,1
3407,118696,60242-1,1
3408,118699,31099-1,1
3409,118699,31100-1,1
3410,118699,31102-1,1
3411,118961,71032-1,1
3412,118961,71032-10,1
3413,118961,71032-11,1
3414,118961,71032-12,1
3415,118961,71032-2,1
3416,118961,71032-3,1
3417,118961,71032-4,1
3418,118961,71032-5,1
3419,118961,71032-6,1
3420,118961,71032-7,1
3421,118961,71032-8,1
3422,118961,71032-9,1
3423,122079,71032-0,6
3424,122081,71032-0,36
3425,124439,30420-1,1
3426,124439,5006880-1,1
3427,126501,4098-1,1
3428,126501,4100-1,1
3429,126877,40301731-1,1
3430,126877,5001383-1,1
3431,126877,5003568-1,1
3432,126877,5004268-1,1
3433,128105,9781912564651-1,1
3434,128105,9788325329020-1,1
3435,128202,30408-1,1
3436,128202,40236-1,1
3437,128202,40379-1,1
3438,128442,5000281-1,1
3439,128473,5000193818-1,1
3440,128478,5002946-1,1
3441,128478,5005059-1,1
3442,129908,71360-1,1
3443,129908,71398-1,1
3444,129908,71400-1,1
3445,129909,71387-1,1
3446,129909,71397-1,1
3447,129909,71399-1,1
3448,129909,71401-1,1
3449,131400,30625-1,1
3450,131401,30625-1,1
3451,131402,30625-1,1
3452,131403,30625-1,1
3453,134109,71033-0,36
3454,134111,71033-0,6
3455,134117,71033-1,1
3456,134117,71033-10,1
3457,134117,71033-11,1
3458,134117,71033-12,1
3459,134117,71033-2,1
3460,134117,71033-3,1
3461,134117,71033-4,1
3462,134117,71033-5,1
3463,134117,71033-6,1
3464,134117,71033-7,1
3465,134117,71033-8,1
3466,134117,71033-9,1
3467,134720,6412186-1,1
3468,134720,6418411-1,1
3469,135710,5005996-1,1
3470,135710,5006002-1,1
3471,135710,5006003-1,1
3472,135710,5006005-1,1
3473,135821,4529-1,1
3474,135821,4530-1,1
3475,135821,4597-1,1
3476,135825,5001162-1,1
3477,135825,8028-1,1
3478,135829,5002211-1,1
3479,135829,9495-1,1
3480,135830,5002210-1,1
3481,135830,7879-1,1
3482,135831,5002210-1,1
3483,135831,9526-1,1
3484,135847,9688-1,1
3485,135850,5003420-1,1
3486,135850,5003421-1,1
3487,135850,5003426-1,1
3488,135850,5003427-1,1
3489,135880,60296-1,1
3490,135880,60297-1,1
3491,135880,60298-1,1
3492,135961,4509-1,1
3493,135961,9349-1,1
3494,135961,9384-1,1
3495,135961,9385-1,1
3496,135961,9386-1,1
3497,135986,45010-1,1
3498,135986,4509-1,1
3499,135986,9090-1,1
3500,135987,42026-1,1
3501,135987,42027-1,1
3502,135988,9641-1,1
3503,135988,9686-1,1
3504,135989,9286-1,1
3505,135989,9348-1,1
3506,135989,9384-1,1
3507,135989,9389-1,1
3508,136043,45570-1,1
3509,136044,45544-1,1
3510,136045,9686-1,1
3511,136045,9688-1,1
3512,136047,9689-1,1
3513,136048,9333-1,1
3514,136048,9335-1,1
3515,136048,9348-1,1
3516,136048,9387-1,1
3517,136049,9594-1,1
3518,136049,9695-1,1
3519,136049,9797-1,1
3520,136050,9594-1,1
3521,136051,9349-1,1
3522,136051,9385-1,1
3523,136053,5002204-1,1
3524,136054,60032-1,1
3525,136054,60033-1,1
3526,136054,60034-1,1
3527,136055,31023-1,1
3528,136055,31024-1,1
3529,136056,76019-1,1
3530,136056,76020-1,1
3531,136056,76021-1,1
3532,136056,76022-1,1
3533,136060,79115-1,1
3534,136060,79116-1,1
3535,136060,79117-1,1
3536,136061,70149-1,1
3537,136061,70150-1,1
3538,136061,70155-1,1
3539,136063,10514-1,1
3540,136063,10526-1,1
3541,136063,10539-1,1
3542,136068,10544-1,1
3543,136068,10545-1,1
3544,136070,75049-1,1
3545,136070,75050-1,1
3546,136070,75052-1,1
3547,136070,75054-1,1
3548,136070,75055-1,1
3549,136071,41032-1,1
3550,136071,41033-1,1
3551,136071,41036-1,1
3552,136071,41038-1,1
3553,136074,75038-1,1
3554,136074,75039-1,1
3555,136074,75040-1,1
3556,136074,75041-1,1
3557,136074,853412-1,1
3558,136190,41103-1,1
3559,136190,41104-1,1
3560,136190,41105-1,1
3561,136190,41107-1,1
3562,136193,75900-1,1
3563,136193,75902-1,1
3564,136193,75904-1,1
3565,136194,76036-1,1
3566,136194,76037-1,1
3567,136195,76034-1,1
3568,136195,76035-1,1
3569,136196,21119-1,1
3570,136196,21120-1,1
3571,136196,21121-1,1
3572,136196,21122-1,1
3573,136197,75107-1,1
3574,136197,75108-1,1
3575,136197,75109-1,1
3576,136197,75110-1,1
3577,136197,75111-1,1
3578,136197,75112-1,1
3579,136352,2000700-1,1
3580,136352,2000701-1,1
3581,136352,2000702-1,1
3582,136352,2000703-1,1
3583,136352,2000704-1,1
3584,136352,2000705-1,1
3585,136352,2000706-1,1
3586,136352,45544-1,4
3587,136352,45570-1,1
3588,136352,9688-1,4
3589,136352,9749-1,4
3590,136356,75093-1,1
3591,136356,75159-1,1
3592,136357,9348-1,1
3593,136357,9349-1,1
3594,136358,45014-1,1
3595,136358,45017-1,1
3596,136359,45013-1,1
3597,136359,45014-1,1
3598,136359,45015-1,1
3599,136359,45016-1,1
3600,136359,45017-1,1
3601,136360,45013-1,1
3602,136360,45015-1,1
3603,136360,45016-1,1
3604,136363,9688-1,1
3605,136363,9749-1,1
3606,136366,70905-1,1
3607,136366,70906-1,1
3608,136373,41312-1,1
3609,136373,41315-1,1
3610,136373,41316-1,1
3611,136374,60153-1,1
3612,136374,60164-1,1
3613,136374,60165-1,1
3614,136375,70609-1,1
3615,136375,70614-1,1
3616,136376,70613-1,1
3617,136376,70615-1,1
3618,136378,70610-1,1
3619,136378,70611-1,1
3620,136484,60191-1,1
3621,136484,60192-1,1
3622,136484,60193-1,1
3623,136484,60194-1,1
3624,136484,60195-1,1
3625,136485,10867-1,1
3626,136485,10868-1,1
3627,136485,10869-1,1
3628,136485,10870-1,1
3629,136486,41333-1,1
3630,136486,41339-1,1
3631,136486,41343-1,1
3632,136486,41347-1,1
3633,136487,70652-1,1
3634,136487,70654-1,1
3635,136487,70658-1,1
3636,136488,76101-1,1
3637,136488,76102-1,1
3638,136488,76104-1,1
3639,136488,76107-1,1
3640,136488,76108-1,1
3641,136489,75200-1,1
3642,136489,75203-1,1
3643,136489,75208-1,1
3644,136489,75218-1,1
3645,136489,75220-1,1
3646,136490,40350-1,1
3647,136490,42092-1,1
3648,136490,5005757-1,1
3649,136492,40350-1,1
3650,136492,5005757-1,1
3651,136492,70667-1,1
3652,136494,40350-1,1
3653,136494,5005757-1,1
3654,136494,60208-1,1
3655,136495,40350-1,1
3656,136495,41366-1,1
3657,136495,5005757-1,1
3658,136510,5001386-1,1
3659,136510,5005906-1,1
3660,136510,853910-1,1
3661,136510,853967-1,1
3662,136513,40414-1,1
3663,136513,71360-1,1
3664,136605,41509-1,1
3665,136605,41510-1,1
3666,136605,41511-1,1
3667,136605,41512-1,1
3668,136605,41513-1,1
3669,136605,41514-1,1
3670,136605,41515-1,1
3671,136605,41516-1,1
3672,136605,41517-1,1
3673,136813,41006-1,1
3674,136813,41013-1,1
3675,136813,850781-1,1
3676,136905,9797-1,1
3677,136906,9695-1,1
3678,136906,9797-1,1
3679,136907,9641-1,1
3680,136909,9695-1,1
3681,136909,9797-1,1
3682,136910,5003420-1,1
3683,136910,5003421-1,1
3684,136911,5003426-1,1
3685,136911,5003427-1,1
3686,136912,45544-1,1
3687,136912,45560-1,1
3688,137005,70229-1,1
3689,137005,70230-1,1
3690,137005,70231-1,1
3691,137005,70232-1,1
3692,137006,70783-1,1
3693,137006,70787-1,1
3694,137007,70220-1,1
3695,137007,70221-1,1
3696,137008,60068-1,1
3697,137008,60069-1,1
3698,137009,70782-1,1
3699,137009,70788-1,1
3700,137010,70778-1,1
3701,137010,70784-1,1
3702,137011,41085-1,1
3703,137011,41086-1,1
3704,137011,41087-1,1
3705,137011,41088-1,1
3706,137011,41089-1,1
3707,137012,70779-1,1
3708,137012,70785-1,1
3709,137013,70781-1,1
3710,137013,70789-1,1
3711,137014,70780-1,1
3712,137014,70786-1,1
3713,139759,60079-1,1
3714,139759,60080-1,1
